Dia;Pedidos entregues;Loggers ARES entregues;Sincronizados;Pendentes agente;Cobranca GRU;Registro de entrega ausente;% pendência;Pedidos com pendência;N latencia agente;Media horas ate 1o sync;Mediana horas ate 1o sync;P90 horas ate 1o sync;So sincronizou em GRU;Sem 1o sync
12/09/2026;8;20;20;0;0;0;0.0;0;11;0.05;0.05;0.07;2;7
13/09/2026;0;0;0;0;0;0;0.0;0;0;;;;0;0
14/09/2026;81;446;433;7;6;0;1.6;7;284;21.39;0.04;35.46;34;128
15/09/2026;83;395;382;13;0;167;3.3;6;303;11.56;0.04;0.08;14;78
16/09/2026;51;172;168;4;0;0;2.3;4;156;4.87;0.05;0.08;5;11
17/09/2026;121;435;408;24;3;19;5.5;16;305;5.92;0.04;0.08;15;115
18/09/2026;79;454;434;20;0;60;4.4;14;320;4.27;0.05;0.08;26;108
19/09/2026;3;42;42;0;0;0;0.0;0;33;0.04;0.04;0.07;3;6
20/09/2026;0;0;0;0;0;0;0.0;0;0;;;;0;0
21/09/2026;66;344;332;10;2;91;2.9;6;273;1.65;0.05;0.07;10;61
22/09/2026;103;681;663;13;5;102;1.9;11;388;2.96;0.04;0.08;31;262
23/09/2026;85;490;473;16;1;43;3.3;15;351;1.36;0.05;0.08;13;126
24/09/2026;93;957;925;29;3;21;3.0;20;593;4.62;0.05;0.08;66;298
25/09/2026;81;856;824;29;3;1;3.4;14;448;2.96;0.04;0.08;7;401
26/09/2026;19;127;123;4;0;5;3.1;3;86;13.46;0.05;43.02;2;39
27/09/2026;0;0;0;0;0;0;0.0;0;0;;;;0;0
28/09/2026;36;456;408;30;18;5;6.6;10;272;0.58;0.05;0.08;28;156
29/09/2026;81;671;607;61;3;0;9.1;20;300;1.04;0.04;0.08;0;371
30/09/2026;93;785;488;294;3;44;37.5;45;318;0.19;0.04;0.08;0;467
01/10/2026;56;431;161;267;3;52;61.9;41;153;0.04;0.04;0.08;0;278
