Pedido;UF;Logger;LPN;MODAL;Data da coleta;Data da entrega;COLETA EMBARQUE;ENTREGA EMBARQUE
557771;AC;A5776;00019200000012921114;MultiModal;17/06/2026 04:20;22/06/2026 17:29;17/06/2026 04:20;22/06/2026 17:29
558358;AC;A3721;00019200000013242873;MultiModal;24/06/2026 08:25;30/06/2026 18:00;24/06/2026 08:25;30/06/2026 18:00
560742;AC;A9639;00019200000013445731;MultiModal;13/07/2026 23:15;20/07/2026 13:17;13/07/2026 23:15;20/07/2026 13:17
560808;AC;A7249;00019200000013441574;MultiModal;14/07/2026 22:53;-;14/07/2026 22:53;-
560839;AC;A6520;00019200000013445774;MultiModal;13/07/2026 23:14;-;13/07/2026 23:14;-
561485;AC;A0902;00019200000013472640;MultiModal;20/07/2026 23:43;-;20/07/2026 23:43;-
556477;AL;A7027;00019200000012906565;MultiModal;10/06/2026 02:41;11/06/2026 18:00;-;-
557349;AL;A8289;00019200000012923842;MultiModal;22/06/2026 05:43;25/06/2026 12:17;22/06/2026 05:43;25/06/2026 12:17
557700;AL;TA0951;00019200000013208810;MultiModal;16/06/2026 04:49;17/06/2026 16:00;16/06/2026 04:49;17/06/2026 16:00
557717;AL;A6757;00019200000012921122;MultiModal;17/06/2026 03:46;18/06/2026 17:00;17/06/2026 03:46;18/06/2026 17:00
558731;AL;A7723;00019200000013244957;MultiModal;01/07/2026 04:24;02/07/2026 14:55;01/07/2026 04:24;02/07/2026 14:55
559148;AL;A1391;00019200000013330004;MultiModal;25/06/2026 23:17;26/06/2026 17:09;25/06/2026 23:17;26/06/2026 17:09
559299;AL;A6535;00019200000013253077;MultiModal;29/06/2026 05:27;30/06/2026 11:36;29/06/2026 05:27;30/06/2026 11:36
561489;AL;A8281;00019200000013477463;MultiModal;20/07/2026 06:00;-;20/07/2026 06:00;-
561684;AL;A5930;00019200000013467166;MultiModal;21/07/2026 04:14;-;21/07/2026 04:14;-
558240;AM;A9125;00019200000013423142;MultiModal;05/07/2026 23:51;07/07/2026 16:11;05/07/2026 23:51;07/07/2026 16:13
556806;AP;A8353;00019200000012904040;MultiModal;15/06/2026 01:51;16/06/2026 11:08;15/06/2026 01:51;16/06/2026 11:08
557752;AP;TA1000;00019200000012926825;MultiModal;17/06/2026 23:49;19/06/2026 11:00;17/06/2026 23:49;19/06/2026 11:00
558246;AP;A7948;00019200000013202456;MultiModal;29/06/2026 00:54;30/06/2026 16:40;29/06/2026 00:54;30/06/2026 16:40
558669;AP;A9688;00019200000013244990;MultiModal;01/07/2026 01:10;02/07/2026 15:30;01/07/2026 01:10;02/07/2026 15:30
560341;AP;A5998;00019200000013410830;MultiModal;08/07/2026 23:42;10/07/2026 11:55;08/07/2026 23:42;10/07/2026 11:55
560638;AP;TA0976;00019200000013445740;MultiModal;13/07/2026 23:32;15/07/2026 10:42;13/07/2026 23:32;15/07/2026 10:42
557123;BA;TA0838;00019200000012658391;MultiModal;11/06/2026 00:28;12/06/2026 14:46;-;-
557333;BA;TA0314;00019200000012704997;MultiModal;11/06/2026 23:14;13/06/2026 13:00;-;-
557431;BA;TA0816;00019200000012704970;MultiModal;11/06/2026 23:18;12/06/2026 17:11;-;-
557819;BA;A6266;00019200000012920916;MultiModal;17/06/2026 04:19;19/06/2026 11:19;17/06/2026 04:19;19/06/2026 11:14
558156;BA;A6973;00019200000013328964;MultiModal;30/06/2026 05:33;01/07/2026 16:19;30/06/2026 05:33;01/07/2026 16:19
558357;BA;A3993;00019200000013242768;MultiModal;23/06/2026 05:31;25/06/2026 15:56;23/06/2026 05:31;25/06/2026 15:56
558424;BA;A0503;00019200000013242776;MultiModal;22/06/2026 05:46;23/06/2026 15:30;22/06/2026 05:46;23/06/2026 15:30
559035;BA;TA0576;00019200000013316265;MultiModal;24/06/2026 06:08;26/06/2026 09:28;24/06/2026 06:08;26/06/2026 09:25
559050;BA;TA0289;00019200000013316320;MultiModal;24/06/2026 06:08;25/06/2026 11:07;24/06/2026 06:08;25/06/2026 11:07
559431;BA;TA1088;00019200000013202430;MultiModal;30/06/2026 05:33;01/07/2026 16:00;30/06/2026 05:33;01/07/2026 16:00
559437;BA;A8574;00019200000013202472;MultiModal;30/06/2026 05:33;01/07/2026 14:00;30/06/2026 05:33;01/07/2026 14:00
559438;BA;A5572;00019200000013202499;MultiModal;30/06/2026 05:33;01/07/2026 16:00;30/06/2026 05:33;01/07/2026 16:00
559638;BA;A7346;00019200000013428250;MultiModal;02/07/2026 00:19;03/07/2026 18:00;02/07/2026 00:19;03/07/2026 18:00
559640;BA;A3023;00019200000013428306;MultiModal;02/07/2026 03:21;04/07/2026 13:06;02/07/2026 03:21;04/07/2026 13:06
560118;BA;A8356;00019200000013414348;MultiModal;08/07/2026 00:43;10/07/2026 17:00;08/07/2026 00:43;10/07/2026 17:00
560238;BA;A7809;00019200000013410954;MultiModal;09/07/2026 02:35;10/07/2026 10:37;09/07/2026 02:35;10/07/2026 10:37
560247;BA;A3249;00019200000013411144;MultiModal;09/07/2026 02:35;13/07/2026 09:43;09/07/2026 02:35;13/07/2026 09:43
560485;BA;TA0432;00019200000013488058;MultiModal;13/07/2026 00:46;14/07/2026 08:11;13/07/2026 00:46;14/07/2026 08:11
560588;BA;A9219;00019200000013452541;MultiModal;13/07/2026 01:35;14/07/2026 09:58;13/07/2026 01:44;14/07/2026 09:58
561165;BA;A5681;00019200000013439979;MultiModal;15/07/2026 22:32;17/07/2026 11:43;15/07/2026 22:32;17/07/2026 11:43
561470;BA;A1501;00019200000013478885;MultiModal;20/07/2026 03:06;-;20/07/2026 03:06;-
561647;BA;A6957;00019200000013468642;MultiModal;20/07/2026 22:52;-;20/07/2026 22:52;-
555980;CE;A5421;00019200000012753599;MultiModal;17/06/2026 04:02;19/06/2026 14:00;17/06/2026 04:02;19/06/2026 14:00
557826;CE;A8527;00019200000012920851;MultiModal;17/06/2026 03:57;18/06/2026 15:28;17/06/2026 03:57;18/06/2026 15:28
557829;CE;A1338;00019200000012920983;MultiModal;17/06/2026 03:47;18/06/2026 16:35;17/06/2026 03:47;18/06/2026 16:35
557832;CE;A8916;00019200000012920959;MultiModal;17/06/2026 03:57;18/06/2026 14:20;17/06/2026 03:57;18/06/2026 14:20
557873;CE;A6279;00019200000012920975;MultiModal;17/06/2026 03:47;18/06/2026 13:51;17/06/2026 03:47;18/06/2026 13:51
558162;CE;A9207;00019200000012697206;MultiModal;18/06/2026 04:11;19/06/2026 14:00;18/06/2026 04:11;19/06/2026 14:00
558260;CE;A9433;00019200000013423150;MultiModal;06/07/2026 03:02;08/07/2026 16:00;06/07/2026 03:02;08/07/2026 16:00
558293;CE;A6994;00019200000012418820;MultiModal;23/06/2026 03:07;24/06/2026 18:30;23/06/2026 03:07;24/06/2026 18:30
558306;CE;A8998;00019200000013240625;MultiModal;22/06/2026 02:00;24/06/2026 17:00;22/06/2026 02:00;24/06/2026 17:00
558432;CE;A6768;00019200000013242725;MultiModal;23/06/2026 02:57;24/06/2026 10:08;23/06/2026 02:57;24/06/2026 10:08
558436;CE;A6537;00019200000013242717;MultiModal;22/06/2026 05:47;23/06/2026 16:59;22/06/2026 05:47;23/06/2026 16:59
558666;CE;A0745;00019200000013327186;MultiModal;24/06/2026 00:19;25/06/2026 13:41;24/06/2026 00:19;25/06/2026 13:41
559187;CE;A7477;00019200000013329952;MultiModal;29/06/2026 03:49;30/06/2026 15:49;29/06/2026 03:49;30/06/2026 15:49
559230;CE;A5210;00019200000013253174;MultiModal;29/06/2026 03:49;30/06/2026 16:20;29/06/2026 03:49;30/06/2026 16:20
559248;CE;A6987;00019200000013249738;MultiModal;29/06/2026 03:49;30/06/2026 14:00;29/06/2026 03:49;30/06/2026 14:00
559396;CE;A6035;00019200000013248413;MultiModal;29/06/2026 03:49;30/06/2026 13:11;29/06/2026 03:49;30/06/2026 13:11
559428;CE;A9580;00019200000013247522;MultiModal;30/06/2026 00:19;01/07/2026 15:21;30/06/2026 00:19;01/07/2026 15:21
559429;CE;A8616;00019200000013202545;MultiModal;30/06/2026 06:39;02/07/2026 12:24;30/06/2026 06:39;02/07/2026 12:24
559433;CE;TA1167;00019200000013202448;MultiModal;30/06/2026 00:19;01/07/2026 15:20;30/06/2026 00:19;01/07/2026 15:20
559497;CE;A5992;00019200000013202553;MultiModal;30/06/2026 00:19;01/07/2026 11:50;30/06/2026 00:19;01/07/2026 11:50
559634;CE;A5615;00019200000013428276;MultiModal;02/07/2026 00:20;03/07/2026 16:00;02/07/2026 00:20;03/07/2026 16:00
560121;CE;A7048;00019200000013413597;MultiModal;08/07/2026 07:31;09/07/2026 16:44;08/07/2026 07:31;09/07/2026 16:44
560133;CE;A6783;00019200000013413627;MultiModal;08/07/2026 07:29;09/07/2026 10:39;08/07/2026 07:29;09/07/2026 10:39
560141;CE;A5195;00019200000013413643;MultiModal;08/07/2026 08:09;09/07/2026 10:39;08/07/2026 08:09;09/07/2026 10:39
560143;CE;A6778;00019200000013413570;MultiModal;08/07/2026 07:30;-;08/07/2026 07:30;-
560225;CE;TA0537;00019200000013411128;MultiModal;09/07/2026 00:03;10/07/2026 11:54;09/07/2026 00:03;10/07/2026 11:54
560227;CE;A4865;00019200000013411047;MultiModal;09/07/2026 00:03;10/07/2026 11:58;09/07/2026 00:03;10/07/2026 11:58
560229;CE;A5907;00019200000013411209;MultiModal;09/07/2026 00:02;10/07/2026 11:54;09/07/2026 00:02;10/07/2026 11:54
560236;CE;A5720;00019200000013411241;MultiModal;09/07/2026 00:02;10/07/2026 16:36;09/07/2026 00:02;10/07/2026 16:36
560955;CE;A7389;00019200000013442198;MultiModal;15/07/2026 03:32;16/07/2026 15:30;15/07/2026 03:32;16/07/2026 15:30
561132;CE;TA0744;00019200000013594141;MultiModal;20/07/2026 06:00;-;20/07/2026 06:00;-
561168;CE;A2561;00019200000013478761;MultiModal;16/07/2026 03:30;17/07/2026 17:00;16/07/2026 03:30;17/07/2026 17:00
561172;CE;A4492;00019200000013454382;MultiModal;15/07/2026 23:21;17/07/2026 15:20;15/07/2026 23:21;17/07/2026 15:20
561466;CE;A0403;00019200000013477536;MultiModal;20/07/2026 04:59;-;20/07/2026 04:59;-
561688;CE;A1513;00019200000013468626;MultiModal;20/07/2026 23:43;-;20/07/2026 23:43;-
557122;DF;A4180;00019200000012658405;MultiModal;11/06/2026 05:12;12/06/2026 11:21;-;-
557424;DF;A6610;00019200000012920894;MultiModal;23/06/2026 05:31;24/06/2026 10:46;23/06/2026 05:31;24/06/2026 10:49
557881;DF;A9281;00019200000012920860;MultiModal;17/06/2026 04:20;14/07/2026 10:21;17/06/2026 04:20;14/07/2026 10:23
557942;DF;A5970;00019200000012926833;MultiModal;17/06/2026 04:41;18/06/2026 15:06;17/06/2026 04:41;18/06/2026 15:04
558175;DF;A3860;00019200000012697222;MultiModal;18/06/2026 04:17;19/06/2026 10:34;18/06/2026 04:17;19/06/2026 10:30
558351;DF;A0980;00019200000013422316;MultiModal;07/07/2026 06:49;08/07/2026 11:36;07/07/2026 06:49;08/07/2026 11:38
558989;DF;A7038;00019200000013422456;MultiModal;09/07/2026 02:35;10/07/2026 10:24;09/07/2026 02:35;10/07/2026 11:10
559489;DF;A6469;00019200000013247476;MultiModal;30/06/2026 05:32;01/07/2026 10:01;30/06/2026 05:32;01/07/2026 10:03
559737;DF;A3012;00019200000013422910;MultiModal;02/07/2026 23:46;03/07/2026 17:16;02/07/2026 23:46;03/07/2026 17:18
559786;DF;A6908;00019200000013419080;MultiModal;07/07/2026 06:49;08/07/2026 11:11;07/07/2026 06:49;08/07/2026 11:14
559842;DF;A9050;00019200000013421131;MultiModal;06/07/2026 06:22;07/07/2026 11:57;06/07/2026 06:22;07/07/2026 11:57
559894;DF;A8070;00019200000013419439;MultiModal;07/07/2026 06:49;08/07/2026 11:50;07/07/2026 06:49;08/07/2026 11:52
560072;DF;S1494;00019200000013408330;MultiModal;08/07/2026 04:21;-;08/07/2026 04:21;-
560167;DF;A6945;00019200000013414046;MultiModal;08/07/2026 07:25;10/07/2026 15:37;08/07/2026 07:25;10/07/2026 15:37
560224;DF;A4702;00019200000013410946;MultiModal;09/07/2026 05:53;10/07/2026 16:42;09/07/2026 05:53;15/07/2026 16:13
560245;DF;A5759;00019200000013410962;MultiModal;09/07/2026 04:50;10/07/2026 15:02;09/07/2026 04:50;10/07/2026 15:28
560325;DF;TA0698;00019200000013489062;MultiModal;10/07/2026 00:27;10/07/2026 16:10;10/07/2026 00:27;10/07/2026 16:10
560490;DF;A2468;00019200000013452568;MultiModal;13/07/2026 09:17;14/07/2026 10:26;13/07/2026 09:19;14/07/2026 10:26
560915;DF;A8228;00019200000013442228;MultiModal;15/07/2026 03:31;16/07/2026 16:11;15/07/2026 03:31;16/07/2026 16:23
561473;DF;A4724;00019200000013477528;MultiModal;20/07/2026 06:08;21/07/2026 10:38;20/07/2026 06:08;21/07/2026 10:35
561575;DF;A4745;00019200000013472500;MultiModal;20/07/2026 06:08;21/07/2026 11:14;20/07/2026 06:08;21/07/2026 11:29
556334;ES;A3933;00019200000012857769;MultiModal;11/06/2026 04:33;12/06/2026 15:18;-;-
560132;ES;A5477;00019200000013413589;MultiModal;08/07/2026 07:29;13/07/2026 13:03;08/07/2026 07:29;13/07/2026 13:03
560235;ES;TA0002;00019200000013411233;MultiModal;09/07/2026 02:35;13/07/2026 13:03;09/07/2026 02:35;13/07/2026 13:03
560486;ES;A8759;00019200000013247468;MultiModal;11/07/2026 13:43;13/07/2026 15:45;11/07/2026 13:43;13/07/2026 15:45
561040;ES;A9455;00019200000013477420;MultiModal;21/07/2026 03:22;-;21/07/2026 03:22;-
561136;ES;A5487;00019200000013477455;MultiModal;21/07/2026 03:22;-;21/07/2026 03:22;-
561285;ES;A6498;00019200000013594125;MultiModal;16/07/2026 22:36;20/07/2026 16:00;16/07/2026 22:36;20/07/2026 16:00
557021;GO;A3751;00019200000012903990;MultiModal;10/06/2026 06:44;11/06/2026 14:11;-;-
557827;GO;A7936;00019200000012920924;MultiModal;17/06/2026 04:43;18/06/2026 14:21;17/06/2026 04:43;18/06/2026 14:21
558304;GO;A1583;00019200000012418854;MultiModal;23/06/2026 02:58;25/06/2026 17:13;23/06/2026 02:58;25/06/2026 17:13
558582;GO;A7037;00019200000013235109;MultiModal;23/06/2026 02:58;25/06/2026 17:49;23/06/2026 02:58;25/06/2026 17:49
558998;GO;A3272;00019200000013316362;MultiModal;24/06/2026 06:08;25/06/2026 17:50;24/06/2026 06:08;25/06/2026 17:50
559161;GO;A9429;00019200000013329944;MultiModal;29/06/2026 01:02;30/06/2026 14:43;29/06/2026 01:02;30/06/2026 14:43
559481;GO;A5656;00019200000013201360;MultiModal;30/06/2026 05:34;01/07/2026 13:16;30/06/2026 05:34;01/07/2026 13:16
560218;GO;A6153;00019200000013410849;MultiModal;09/07/2026 05:26;10/07/2026 10:10;09/07/2026 05:26;10/07/2026 10:10
560584;GO;A4090;00019200000012858889;MultiModal;13/07/2026 06:42;14/07/2026 15:34;13/07/2026 06:42;14/07/2026 15:34
560802;GO;A5622;00019200000013442236;MultiModal;16/07/2026 03:33;17/07/2026 13:03;16/07/2026 03:33;17/07/2026 13:03
561052;GO;A9133;00019200000013440322;MultiModal;16/07/2026 03:30;17/07/2026 17:00;16/07/2026 03:30;17/07/2026 17:00
561456;GO;A4497;00019200000013478893;MultiModal;20/07/2026 06:07;-;20/07/2026 06:07;-
557084;MA;A9538;00019200000012658170;MultiModal;11/06/2026 00:47;12/06/2026 15:00;-;-
558081;MA;A0944;00019200000013211536;MultiModal;18/06/2026 03:28;19/06/2026 16:00;18/06/2026 03:28;19/06/2026 16:00
558168;MA;A9305;00019200000012697249;MultiModal;18/06/2026 03:26;19/06/2026 15:00;18/06/2026 03:26;19/06/2026 15:00
559048;MA;A7154;00019200000013327143;MultiModal;24/06/2026 01:03;25/06/2026 15:00;24/06/2026 01:03;25/06/2026 15:00
559049;MA;A8312;00019200000012927147;MultiModal;24/06/2026 00:13;25/06/2026 15:00;24/06/2026 00:13;25/06/2026 15:00
559213;MA;A6989;00019200000013244973;MultiModal;25/06/2026 23:19;27/06/2026 12:00;25/06/2026 23:19;27/06/2026 12:00
559359;MA;A1706;00019200000013252810;MultiModal;29/06/2026 03:58;30/06/2026 08:30;29/06/2026 03:58;30/06/2026 08:30
559434;MA;A3052;00019200000013202480;MultiModal;30/06/2026 00:32;01/07/2026 17:00;30/06/2026 00:32;01/07/2026 17:00
559444;MA;A8077;00019200000013201379;MultiModal;30/06/2026 00:18;01/07/2026 16:00;30/06/2026 00:18;01/07/2026 16:00
559446;MA;A7508;00019200000013201344;MultiModal;30/06/2026 00:17;02/07/2026 18:00;30/06/2026 00:17;02/07/2026 18:00
559691;MA;TA0700;00019200000013422936;MultiModal;06/07/2026 00:01;07/07/2026 08:00;06/07/2026 00:01;07/07/2026 08:00
559698;MA;A6345;00019200000013422928;MultiModal;02/07/2026 23:47;04/07/2026 10:57;02/07/2026 23:47;04/07/2026 10:57
559833;MA;A3993;00019200000013421182;MultiModal;06/07/2026 00:02;08/07/2026 08:00;06/07/2026 00:02;08/07/2026 08:00
560166;MA;A6312;00019200000013414577;MultiModal;08/07/2026 00:17;09/07/2026 08:00;08/07/2026 00:17;09/07/2026 08:00
560713;MA;A5068;00019200000013478672;MultiModal;16/07/2026 00:11;17/07/2026 10:00;16/07/2026 00:11;17/07/2026 10:00
561646;MA;TA0348;00019200000013468669;MultiModal;20/07/2026 22:52;-;20/07/2026 22:52;-
557006;MG;A6992;00019200000012904066;MultiModal;10/06/2026 02:39;11/06/2026 11:35;-;-
557009;MG;A1604;00019200000012904015;MultiModal;10/06/2026 06:44;11/06/2026 12:27;-;-
557320;MG;A6843;00019200000012658154;Rodoviário;15/06/2026 05:07;15/06/2026 16:32;15/06/2026 05:07;15/06/2026 16:32
557335;MG;A4909;00019200000012656402;MultiModal;11/06/2026 23:20;13/06/2026 09:10;-;-
557470;MG;A7660;00019200000012656445;MultiModal;15/06/2026 09:05;17/06/2026 09:10;15/06/2026 09:05;17/06/2026 09:10
557622;MG;A9427;00019200000013211714;MultiModal;17/06/2026 01:54;23/06/2026 14:00;17/06/2026 01:54;23/06/2026 14:00
557656;MG;A5169;00019200000012920789;MultiModal;16/06/2026 06:25;17/06/2026 13:24;16/06/2026 06:25;17/06/2026 13:27
557670;MG;A9143;00019200000013208845;MultiModal;16/06/2026 06:25;17/06/2026 11:10;16/06/2026 06:25;17/06/2026 11:13
557672;MG;A7862;00019200000013208837;MultiModal;16/06/2026 06:25;17/06/2026 14:45;16/06/2026 06:25;17/06/2026 14:49
557699;MG;A6000;00019200000013208799;MultiModal;17/06/2026 23:42;19/06/2026 14:39;17/06/2026 23:42;19/06/2026 14:39
557704;MG;A8459;00019200000013208772;Rodoviário;19/06/2026 03:36;19/06/2026 09:41;19/06/2026 03:36;19/06/2026 09:41
557940;MG;A8425;00019200000013316850;Rodoviário;24/06/2026 05:52;24/06/2026 12:45;24/06/2026 05:52;24/06/2026 12:45
558006;MG;A7763;00019200000012921009;MultiModal;17/06/2026 03:55;18/06/2026 14:00;17/06/2026 03:55;18/06/2026 14:00
558047;MG;S0627;00019200000012923877;MultiModal;17/06/2026 23:42;26/06/2026 10:40;17/06/2026 23:42;26/06/2026 10:40
558115;MG;A5767;00019200000013211579;MultiModal;18/06/2026 04:17;19/06/2026 14:40;18/06/2026 04:17;19/06/2026 14:38
558117;MG;A6804;00019200000012697273;Rodoviário;19/06/2026 03:35;19/06/2026 14:54;19/06/2026 03:35;19/06/2026 14:54
558174;MG;A2549;00019200000012697176;MultiModal;18/06/2026 04:55;19/06/2026 15:35;18/06/2026 04:55;19/06/2026 17:27
558315;MG;A9171;00019200000013240498;MultiModal;18/06/2026 22:58;19/06/2026 17:55;18/06/2026 22:58;19/06/2026 17:55
558352;MG;A4858;00019200000013421158;MultiModal;06/07/2026 06:22;07/07/2026 15:16;06/07/2026 06:22;07/07/2026 15:45
558608;MG;A8199;00019200000013208390;MultiModal;23/06/2026 03:15;24/06/2026 09:41;23/06/2026 03:15;24/06/2026 09:41
558609;MG;A5757;00019200000013208403;MultiModal;23/06/2026 03:10;24/06/2026 15:27;23/06/2026 03:10;24/06/2026 15:27
558944;MG;A2354;00019200000013316273;MultiModal;24/06/2026 08:01;25/06/2026 16:00;24/06/2026 08:01;25/06/2026 16:00
558966;MG;A2973;00019200000013316389;MultiModal;24/06/2026 08:01;25/06/2026 15:30;24/06/2026 08:01;25/06/2026 15:30
558981;MG;A9717;00019200000013419420;MultiModal;08/07/2026 05:32;09/07/2026 16:36;08/07/2026 05:32;09/07/2026 16:42
559004;MG;A9524;00019200000013327160;Rodoviário;29/06/2026 05:16;29/06/2026 09:41;29/06/2026 05:16;29/06/2026 09:41
559047;MG;A9313;00019200000013316354;MultiModal;24/06/2026 06:07;25/06/2026 09:58;24/06/2026 06:07;25/06/2026 10:00
559206;MG;A6310;00019200000013244965;MultiModal;29/06/2026 01:03;01/07/2026 11:55;29/06/2026 01:03;01/07/2026 11:55
559215;MG;A7936;00019200000013245040;MultiModal;25/06/2026 23:22;27/06/2026 14:09;25/06/2026 23:22;27/06/2026 14:02
559217;MG;A7470;00019200000013245023;MultiModal;25/06/2026 23:17;30/06/2026 14:20;25/06/2026 23:17;30/06/2026 14:20
559252;MG;A8687;00019200000013249720;MultiModal;29/06/2026 03:48;04/07/2026 10:30;29/06/2026 03:48;04/07/2026 10:30
559291;MG;A8458;00019200000013253107;MultiModal;29/06/2026 03:48;30/06/2026 14:50;29/06/2026 03:48;30/06/2026 14:50
559292;MG;A3040;00019200000013254758;Rodoviário;03/07/2026 05:28;04/07/2026 10:30;03/07/2026 05:28;04/07/2026 10:30
559336;MG;TA0553;00019200000013202537;MultiModal;30/06/2026 05:34;01/07/2026 10:32;30/06/2026 05:34;01/07/2026 10:34
559358;MG;A7373;00019200000013252828;MultiModal;29/06/2026 01:11;30/06/2026 11:17;29/06/2026 01:11;30/06/2026 11:17
559400;MG;A7187;00019200000013248421;MultiModal;29/06/2026 02:28;01/07/2026 09:05;29/06/2026 02:28;01/07/2026 09:07
559408;MG;A4882;00019200000013248430;MultiModal;29/06/2026 01:11;01/07/2026 11:55;29/06/2026 01:11;01/07/2026 11:59
559469;MG;A6836;00019200000013247549;MultiModal;30/06/2026 04:33;01/07/2026 14:35;30/06/2026 04:33;01/07/2026 14:35
559479;MG;A3560;00019200000013202510;Rodoviário;03/07/2026 05:28;03/07/2026 15:37;03/07/2026 05:28;03/07/2026 15:37
559483;MG;A5193;00019200000013202413;MultiModal;30/06/2026 05:32;02/07/2026 11:40;30/06/2026 05:32;02/07/2026 11:40
559613;MG;A8101;00019200000013428411;Rodoviário;03/07/2026 05:28;08/07/2026 16:20;03/07/2026 05:28;08/07/2026 16:20
559633;MG;TA0730;00019200000013428195;MultiModal;02/07/2026 04:52;03/07/2026 10:19;02/07/2026 04:52;03/07/2026 10:21
559699;MG;A7245;00019200000013422952;MultiModal;06/07/2026 00:28;07/07/2026 13:58;06/07/2026 00:28;07/07/2026 13:58
559766;MG;A4790;00019200000013422960;MultiModal;02/07/2026 23:52;03/07/2026 15:00;02/07/2026 23:52;03/07/2026 16:34
559794;MG;A1033;00019200000013419099;MultiModal;07/07/2026 06:50;08/07/2026 11:24;07/07/2026 06:50;08/07/2026 11:28
559827;MG;A9106;00019200000013421093;MultiModal;06/07/2026 06:22;07/07/2026 12:39;06/07/2026 06:22;07/07/2026 12:41
559831;MG;A9028;00019200000013406205;MultiModal;06/07/2026 04:10;10/07/2026 12:47;06/07/2026 04:10;10/07/2026 12:47
559840;MG;A3081;00019200000013421107;MultiModal;06/07/2026 06:22;07/07/2026 12:29;06/07/2026 06:22;07/07/2026 12:36
559882;MG;A6905;00019200000013492322;MultiModal;13/07/2026 06:42;14/07/2026 17:04;13/07/2026 06:42;14/07/2026 17:04
559990;MG;A3572;00019200000013419455;MultiModal;07/07/2026 06:50;08/07/2026 12:05;07/07/2026 06:50;08/07/2026 12:08
560126;MG;A6681;00019200000013413554;MultiModal;08/07/2026 07:13;10/07/2026 16:23;08/07/2026 07:13;10/07/2026 16:23
560221;MG;A6351;00019200000013411250;Rodoviário;14/07/2026 02:22;14/07/2026 13:53;14/07/2026 02:22;14/07/2026 13:53
560232;MG;A8205;00019200000013411217;Rodoviário;14/07/2026 02:22;14/07/2026 14:19;14/07/2026 02:22;14/07/2026 14:19
560250;MG;A2561;00019200000013411012;MultiModal;09/07/2026 04:50;10/07/2026 09:27;09/07/2026 04:50;10/07/2026 09:31
560331;MG;A5589;00019200000013488147;MultiModal;11/07/2026 13:01;13/07/2026 15:09;11/07/2026 13:01;13/07/2026 15:12
560368;MG;TA0493;00019200000013488040;MultiModal;11/07/2026 13:33;14/07/2026 08:23;-;-
560460;MG;A5228;00019200000013488031;MultiModal;13/07/2026 06:42;14/07/2026 13:35;13/07/2026 06:42;14/07/2026 13:37
560590;MG;A8723;00019200000013452592;MultiModal;13/07/2026 00:47;14/07/2026 16:10;13/07/2026 00:47;14/07/2026 16:10
560723;MG;A8676;00019200000013440349;MultiModal;16/07/2026 03:18;17/07/2026 16:46;16/07/2026 03:18;17/07/2026 16:48
561140;MG;A8043;00019200000013472631;MultiModal;21/07/2026 05:41;-;21/07/2026 05:41;-
561161;MG;A8601;00019200000013454390;MultiModal;15/07/2026 23:21;17/07/2026 10:44;15/07/2026 23:21;17/07/2026 10:44
561163;MG;A0411;00019200000013478532;MultiModal;16/07/2026 03:25;17/07/2026 13:34;16/07/2026 03:25;17/07/2026 13:33
561426;MG;TA0432;00019200000013594095;MultiModal;20/07/2026 06:06;-;20/07/2026 06:06;-
561474;MG;TA0305;00019200000013477501;MultiModal;20/07/2026 03:06;21/07/2026 13:31;20/07/2026 03:06;21/07/2026 13:31
561480;MG;A3430;00019200000013475878;MultiModal;20/07/2026 06:06;21/07/2026 10:15;20/07/2026 06:06;21/07/2026 09:29
561587;MG;A4935;00019200000013472534;MultiModal;20/07/2026 06:06;-;20/07/2026 06:06;-
561627;MG;A7849;00019200000013467204;MultiModal;21/07/2026 04:13;-;21/07/2026 04:13;-
557022;MS;A5195;00019200000012656062;MultiModal;15/06/2026 01:32;16/06/2026 14:00;15/06/2026 01:32;16/06/2026 14:00
557825;MS;A8946;00019200000013211544;MultiModal;23/06/2026 03:37;25/06/2026 09:15;23/06/2026 04:31;25/06/2026 09:15
558307;MS;A3254;00019200000012418846;MultiModal;23/06/2026 03:37;24/06/2026 15:40;23/06/2026 03:37;24/06/2026 15:40
558343;MS;A8675;00019200000013413660;MultiModal;13/07/2026 00:47;14/07/2026 15:00;13/07/2026 00:47;14/07/2026 15:00
559209;MS;A7291;00019200000013244981;MultiModal;29/06/2026 03:57;30/06/2026 14:00;29/06/2026 03:57;30/06/2026 14:00
559473;MS;TA0427;00019200000013202561;MultiModal;30/06/2026 03:32;02/07/2026 14:00;30/06/2026 03:32;02/07/2026 14:00
559488;MS;A7950;00019200000013202570;MultiModal;30/06/2026 04:23;02/07/2026 15:48;30/06/2026 04:23;02/07/2026 15:48
560717;MS;A6510;00019200000013440314;MultiModal;15/07/2026 22:43;20/07/2026 15:40;15/07/2026 22:43;20/07/2026 15:40
560772;MS;A7388;00019200000013442155;MultiModal;15/07/2026 03:29;16/07/2026 15:33;15/07/2026 03:29;16/07/2026 15:33
561158;MS;A6238;00019200000013454609;MultiModal;15/07/2026 22:43;20/07/2026 11:10;15/07/2026 22:43;20/07/2026 11:10
561468;MS;A3916;00019200000013478842;MultiModal;20/07/2026 04:59;-;20/07/2026 04:59;-
561574;MS;A9286;00019200000013472615;MultiModal;20/07/2026 04:59;-;20/07/2026 04:59;-
556307;MT;A9207;00019200000012658421;MultiModal;11/06/2026 00:38;12/06/2026 10:20;-;-
556505;MT;A6525;00019200000013423053;MultiModal;06/07/2026 03:34;07/07/2026 15:00;06/07/2026 03:34;07/07/2026 15:00
558500;MT;A7495;00019200000013208381;MultiModal;23/06/2026 04:09;24/06/2026 11:30;23/06/2026 04:09;24/06/2026 11:30
559425;MT;A2216;00019200000013202405;MultiModal;30/06/2026 04:23;01/07/2026 13:40;30/06/2026 04:23;01/07/2026 13:40
560088;MT;A7526;00019200000013492349;MultiModal;13/07/2026 00:46;14/07/2026 10:00;13/07/2026 00:46;14/07/2026 10:00
560237;MT;TA0506;00019200000013411055;MultiModal;09/07/2026 02:34;10/07/2026 10:30;09/07/2026 02:34;10/07/2026 10:30
560837;MT;A8238;00019200000013445723;MultiModal;13/07/2026 23:11;16/07/2026 09:00;13/07/2026 23:11;16/07/2026 09:00
561491;MT;A3065;00019200000013477439;MultiModal;20/07/2026 03:58;-;20/07/2026 03:58;-
556654;PA;TA0595;00019200000012658375;MultiModal;11/06/2026 00:48;12/06/2026 11:30;-;-
558178;PA;A3095;00019200000012697192;MultiModal;18/06/2026 03:26;22/06/2026 10:30;18/06/2026 03:26;22/06/2026 10:30
558296;PA;A4257;00019200000013240617;MultiModal;23/06/2026 04:09;25/06/2026 09:34;23/06/2026 04:09;25/06/2026 09:34
558345;PA;A6880;00019200000013423177;MultiModal;06/07/2026 00:28;07/07/2026 14:22;06/07/2026 00:28;07/07/2026 14:22
559046;PA;A8536;00019200000013327135;MultiModal;24/06/2026 00:07;25/06/2026 10:15;24/06/2026 00:07;25/06/2026 10:15
559070;PA;A3032;00019200000013422308;MultiModal;08/07/2026 00:22;10/07/2026 10:00;08/07/2026 00:21;10/07/2026 10:00
559245;PA;A3278;00019200000013249746;MultiModal;29/06/2026 03:58;30/06/2026 15:00;29/06/2026 03:58;30/06/2026 15:00
559668;PA;A9654;00019200000013428209;MultiModal;02/07/2026 00:20;03/07/2026 17:39;02/07/2026 00:20;03/07/2026 17:39
559799;PA;A7755;00019200000013419102;MultiModal;07/07/2026 01:04;08/07/2026 18:00;07/07/2026 01:04;08/07/2026 18:00
559841;PA;A9712;00019200000013488120;MultiModal;13/07/2026 23:21;15/07/2026 15:00;13/07/2026 23:21;15/07/2026 15:00
561439;PA;A7460;00019200000013472666;MultiModal;20/07/2026 04:21;-;20/07/2026 04:21;-
556318;PB;A1736;00019200000012657310;MultiModal;11/06/2026 05:59;12/06/2026 12:02;-;-
557118;PB;A3464;00019200000012658472;MultiModal;11/06/2026 04:49;12/06/2026 12:06;-;-
557281;PB;A3168;00019200000012658340;MultiModal;11/06/2026 04:49;12/06/2026 11:30;-;-
557409;PB;A4748;00019200000012656399;MultiModal;11/06/2026 23:24;13/06/2026 10:37;-;-
557430;PB;TA0994;00019200000012705020;MultiModal;11/06/2026 23:24;13/06/2026 10:37;-;-
557650;PB;S1598;00019200000013209825;MultiModal;17/06/2026 23:48;20/06/2026 08:10;17/06/2026 23:48;20/06/2026 08:10
557694;PB;A8989;00019200000012920754;MultiModal;17/06/2026 23:48;20/06/2026 11:00;17/06/2026 23:48;20/06/2026 11:00
559218;PB;A7260;00019200000013245031;MultiModal;25/06/2026 23:17;27/06/2026 12:00;25/06/2026 23:17;27/06/2026 12:00
559244;PB;A1954;00019200000013249487;MultiModal;29/06/2026 03:57;30/06/2026 17:06;29/06/2026 03:57;30/06/2026 17:06
559247;PB;A5109;00019200000013249495;MultiModal;29/06/2026 03:57;30/06/2026 17:06;29/06/2026 03:57;30/06/2026 17:06
559676;PB;A7317;00019200000013428241;MultiModal;02/07/2026 00:21;03/07/2026 11:30;02/07/2026 00:21;03/07/2026 11:30
559803;PB;A6797;00019200000013418238;MultiModal;07/07/2026 00:57;08/07/2026 12:08;07/07/2026 00:57;08/07/2026 12:08
560164;PB;A2029;00019200000013414607;MultiModal;08/07/2026 04:20;10/07/2026 15:00;08/07/2026 04:20;10/07/2026 15:00
560361;PB;A9605;00019200000013492276;MultiModal;13/07/2026 01:35;14/07/2026 08:15;13/07/2026 01:44;14/07/2026 08:15
560810;PB;A8551;00019200000013442139;MultiModal;14/07/2026 22:55;16/07/2026 14:30;14/07/2026 22:55;16/07/2026 14:30
560840;PB;A5727;00019200000013445766;MultiModal;13/07/2026 23:37;15/07/2026 15:00;13/07/2026 23:37;15/07/2026 15:00
561570;PB;A4749;00019200000013472526;MultiModal;20/07/2026 04:20;21/07/2026 12:00;20/07/2026 04:20;21/07/2026 12:00
556319;PE;A3863;00019200000012657301;MultiModal;11/06/2026 05:25;12/06/2026 17:32;-;-
557115;PE;A6814;00019200000012658464;MultiModal;11/06/2026 01:13;13/06/2026 12:49;-;-
557125;PE;A8529;00019200000012658480;MultiModal;11/06/2026 00:41;12/06/2026 16:53;-;-
557316;PE;A6666;00019200000012658138;MultiModal;11/06/2026 00:40;12/06/2026 15:29;-;-
557334;PE;A4518;00019200000012705004;MultiModal;11/06/2026 23:13;13/06/2026 12:45;-;-
557416;PE;A9444;00019200000013208764;MultiModal;17/06/2026 03:19;18/06/2026 13:07;17/06/2026 03:19;18/06/2026 13:07
558228;PE;A8797;00019200000013241249;MultiModal;22/06/2026 06:24;23/06/2026 09:21;22/06/2026 06:24;23/06/2026 09:21
558355;PE;A4693;00019200000013242750;MultiModal;23/06/2026 03:52;25/06/2026 13:57;23/06/2026 03:52;25/06/2026 13:57
558429;PE;A3315;00019200000013242733;MultiModal;22/06/2026 05:49;24/06/2026 12:01;22/06/2026 05:49;24/06/2026 12:01
559036;PE;TA1157;00019200000013316311;MultiModal;24/06/2026 07:58;26/06/2026 13:44;24/06/2026 07:58;26/06/2026 13:44
559468;PE;A9121;00019200000013247492;MultiModal;30/06/2026 04:30;01/07/2026 11:27;30/06/2026 04:30;01/07/2026 11:27
559738;PE;A9297;00019200000013423118;MultiModal;06/07/2026 03:03;07/07/2026 11:26;06/07/2026 03:03;07/07/2026 11:26
559742;PE;A7321;00019200000013422901;MultiModal;02/07/2026 23:49;04/07/2026 09:22;02/07/2026 23:49;04/07/2026 09:22
559991;PE;A9342;00019200000013419463;MultiModal;07/07/2026 06:03;10/07/2026 10:38;07/07/2026 06:03;10/07/2026 10:38
560120;PE;A6804;00019200000013413686;MultiModal;08/07/2026 07:27;10/07/2026 11:35;08/07/2026 07:27;10/07/2026 11:35
560243;PE;A7481;00019200000013410890;MultiModal;09/07/2026 02:34;10/07/2026 17:11;09/07/2026 02:34;10/07/2026 17:11
560357;PE;A3437;00019200000013492330;MultiModal;13/07/2026 05:02;15/07/2026 11:48;13/07/2026 05:02;15/07/2026 11:48
560358;PE;A2626;00019200000013489046;MultiModal;09/07/2026 23:46;11/07/2026 18:10;09/07/2026 23:46;11/07/2026 18:10
560466;PE;A1420;00019200000013489020;MultiModal;09/07/2026 23:46;11/07/2026 19:02;09/07/2026 23:46;11/07/2026 19:02
560582;PE;A6976;00019200000013452401;MultiModal;13/07/2026 05:02;15/07/2026 13:15;13/07/2026 05:02;15/07/2026 13:15
560754;PE;A1964;00019200000013444905;MultiModal;14/07/2026 03:21;15/07/2026 16:34;14/07/2026 03:21;15/07/2026 16:34
560844;PE;A8013;00019200000013444921;MultiModal;14/07/2026 03:21;15/07/2026 18:08;14/07/2026 03:21;15/07/2026 18:08
560958;PE;TA0989;00019200000013480812;MultiModal;15/07/2026 03:28;16/07/2026 10:41;15/07/2026 03:28;16/07/2026 10:41
558371;PI;A7362;00019200000012418838;MultiModal;23/06/2026 03:06;26/06/2026 10:06;23/06/2026 03:06;26/06/2026 10:06
559492;PI;TA0291;00019200000013202502;MultiModal;29/06/2026 23:45;01/07/2026 15:30;29/06/2026 23:45;01/07/2026 15:30
560491;PI;A4389;00019200000013452428;MultiModal;13/07/2026 07:29;17/07/2026 13:23;13/07/2026 07:29;17/07/2026 13:17
561055;PI;A1706;00019200000013440330;MultiModal;15/07/2026 23:03;17/07/2026 17:33;15/07/2026 23:03;17/07/2026 17:33
556745;PR;A2958;00019200000012904058;MultiModal;15/06/2026 08:15;16/06/2026 17:51;15/06/2026 08:15;16/06/2026 17:51
556807;PR;A6922;00019200000012904031;MultiModal;10/06/2026 06:41;11/06/2026 19:50;-;-
557329;PR;A8579;00019200000012656410;MultiModal;11/06/2026 23:17;12/06/2026 17:40;-;-
557536;PR;A5509;00019200000012685844;MultiModal;17/06/2026 03:51;18/06/2026 17:22;17/06/2026 03:51;18/06/2026 17:22
557648;PR;A1415;00019200000013209833;MultiModal;16/06/2026 06:04;17/06/2026 10:33;16/06/2026 06:04;17/06/2026 10:33
557831;PR;A8733;00019200000012920932;MultiModal;17/06/2026 03:16;19/06/2026 14:03;17/06/2026 03:16;19/06/2026 14:03
558173;PR;A4035;00019200000012697265;MultiModal;18/06/2026 04:17;19/06/2026 20:00;18/06/2026 04:17;19/06/2026 20:00
558364;PR;A8456;00019200000013423185;MultiModal;06/07/2026 05:42;07/07/2026 18:44;06/07/2026 05:42;07/07/2026 18:44
558501;PR;A6008;00019200000013208373;MultiModal;23/06/2026 04:43;25/06/2026 21:54;23/06/2026 04:43;25/06/2026 21:54
558995;PR;A8420;00019200000013316303;MultiModal;24/06/2026 06:07;26/06/2026 10:33;24/06/2026 06:07;26/06/2026 10:33
559075;PR;A8575;00019200000013333127;MultiModal;29/06/2026 00:53;30/06/2026 19:10;29/06/2026 00:53;30/06/2026 19:10
559391;PR;A4685;00019200000013202650;MultiModal;29/06/2026 02:27;30/06/2026 19:13;29/06/2026 02:27;30/06/2026 19:13
559487;PR;A8576;00019200000013247484;MultiModal;30/06/2026 00:16;03/07/2026 17:20;30/06/2026 00:16;03/07/2026 17:20
559491;PR;A1736;00019200000013202464;MultiModal;30/06/2026 00:16;30/06/2026 15:15;30/06/2026 00:16;30/06/2026 15:15
559529;PR;A4043;00019200000013428470;MultiModal;02/07/2026 06:10;04/07/2026 21:00;02/07/2026 06:10;04/07/2026 21:00
559534;PR;A1760;00019200000013428454;MultiModal;02/07/2026 04:52;03/07/2026 18:15;02/07/2026 04:52;03/07/2026 18:15
559626;PR;A9312;00019200000013428403;MultiModal;02/07/2026 04:51;03/07/2026 18:53;02/07/2026 04:51;03/07/2026 18:53
559717;PR;A7910;00019200000013423100;MultiModal;05/07/2026 23:44;07/07/2026 13:37;05/07/2026 23:44;07/07/2026 13:37
560047;PR;A5819;00019200000013413694;MultiModal;09/07/2026 04:58;10/07/2026 17:52;09/07/2026 04:58;10/07/2026 17:52
560327;PR;A1992;00019200000013488139;MultiModal;11/07/2026 13:43;13/07/2026 16:42;11/07/2026 13:43;13/07/2026 16:42
560332;PR;A9381;00019200000013488112;MultiModal;11/07/2026 13:43;13/07/2026 16:40;11/07/2026 13:43;13/07/2026 16:40
560333;PR;A0262;00019200000013488066;MultiModal;13/07/2026 00:40;14/07/2026 10:16;13/07/2026 00:40;14/07/2026 10:16
560492;PR;A0676;00019200000013452371;MultiModal;13/07/2026 00:41;14/07/2026 11:26;13/07/2026 00:41;14/07/2026 11:26
560851;PR;A2700;00019200000013444913;MultiModal;14/07/2026 04:34;16/07/2026 15:42;14/07/2026 04:34;16/07/2026 15:42
560961;PR;A2818;00019200000013442120;MultiModal;15/07/2026 04:09;17/07/2026 20:07;15/07/2026 04:09;17/07/2026 20:07
561451;PR;A5432;00019200000013478877;MultiModal;20/07/2026 06:06;-;20/07/2026 06:06;-
561476;PR;A7464;00019200000013475908;MultiModal;20/07/2026 03:06;21/07/2026 17:05;20/07/2026 03:06;21/07/2026 17:12
20260868;RJ;A5013;00019200000012656372;MultiModal;12/06/2026 00:56;13/06/2026 11:00;-;-
20260872;RJ;A9639;00019200000012699098;MultiModal;16/06/2026 01:09;16/06/2026 19:00;16/06/2026 01:09;16/06/2026 19:00
20260875;RJ;A8511;00019200000013225995;MultiModal;18/06/2026 04:17;19/06/2026 11:53;18/06/2026 04:17;19/06/2026 11:53
20260876;RJ;TA0698;00019200000013225987;MultiModal;18/06/2026 04:17;19/06/2026 11:53;18/06/2026 04:17;19/06/2026 11:53
20260880;RJ;A8866;00019200000013242865;MultiModal;20/06/2026 22:12;22/06/2026 12:10;20/06/2026 22:12;22/06/2026 12:10
20260881;RJ;A6704;00019200000013326597;MultiModal;23/06/2026 15:03;24/06/2026 16:04;23/06/2026 15:03;24/06/2026 16:04
20260882;RJ;TA0217;00019200000013326589;MultiModal;23/06/2026 15:02;24/06/2026 16:04;23/06/2026 15:02;24/06/2026 16:04
20260885;RJ;A6993;00019200000013202383;MultiModal;29/06/2026 01:11;29/06/2026 17:15;29/06/2026 01:11;29/06/2026 17:15
20260948;RJ;A9569;00019200000013202391;MultiModal;29/06/2026 01:11;29/06/2026 17:15;29/06/2026 01:11;29/06/2026 17:15
20260949;RJ;A6104;00019200000013202375;MultiModal;29/06/2026 01:11;29/06/2026 17:15;29/06/2026 01:11;29/06/2026 17:15
20260955;RJ;A3039;00019200000013419730;MultiModal;06/07/2026 00:25;06/07/2026 19:00;06/07/2026 00:25;06/07/2026 19:00
20260956;RJ;A8291;00019200000013422880;MultiModal;03/07/2026 02:44;03/07/2026 17:56;03/07/2026 02:44;03/07/2026 17:56
20260957;RJ;A5781;00019200000013422804;MultiModal;03/07/2026 02:45;03/07/2026 17:56;03/07/2026 02:45;03/07/2026 17:56
20260959;RJ;A5048;00019200000013421174;MultiModal;06/07/2026 00:16;06/07/2026 19:00;06/07/2026 00:16;06/07/2026 19:00
20260960;RJ;A3346;00019200000013421166;MultiModal;05/07/2026 23:58;06/07/2026 19:00;05/07/2026 23:58;06/07/2026 19:00
20260961;RJ;A7315;00019200000013419722;MultiModal;06/07/2026 00:16;06/07/2026 19:00;06/07/2026 00:16;06/07/2026 19:00
20260962;RJ;A5522;00019200000013419706;MultiModal;06/07/2026 00:55;06/07/2026 19:00;06/07/2026 00:55;06/07/2026 19:00
20260965;RJ;TA1242;00019200000013418777;MultiModal;07/07/2026 00:58;07/07/2026 19:00;07/07/2026 00:58;07/07/2026 19:00
20260967;RJ;A7626;00019200000013414275;MultiModal;08/07/2026 02:57;09/07/2026 12:30;08/07/2026 02:57;09/07/2026 12:30
20261137;RJ;A6993;00019200000013414267;MultiModal;08/07/2026 02:56;09/07/2026 12:30;08/07/2026 02:56;09/07/2026 12:30
20261138;RJ;A9523;00019200000013414313;MultiModal;08/07/2026 03:14;09/07/2026 12:30;08/07/2026 03:14;09/07/2026 12:30
20261139;RJ;A4248;00019200000013452967;MultiModal;11/07/2026 14:30;13/07/2026 12:41;11/07/2026 14:30;13/07/2026 12:41
20261140;RJ;TA1030;00019200000013414283;MultiModal;08/07/2026 02:57;09/07/2026 12:30;08/07/2026 02:57;09/07/2026 12:30
20261143;RJ;A7651;00019200000013410466;MultiModal;09/07/2026 01:29;09/07/2026 19:00;09/07/2026 01:29;09/07/2026 19:00
20261144;RJ;A4124;00019200000013410865;MultiModal;09/07/2026 01:29;09/07/2026 19:00;09/07/2026 01:29;09/07/2026 19:00
20261145;RJ;A1436;00019200000013410938;MultiModal;09/07/2026 01:29;09/07/2026 19:00;09/07/2026 01:29;09/07/2026 19:00
20261147;RJ;A8589;00019200000013452983;MultiModal;11/07/2026 13:06;13/07/2026 12:41;11/07/2026 13:06;13/07/2026 12:41
20261148;RJ;A7054;00019200000013452975;MultiModal;11/07/2026 13:06;13/07/2026 12:41;11/07/2026 13:06;13/07/2026 12:41
20261149;RJ;A3013;00019200000013445758;MultiModal;14/07/2026 00:20;14/07/2026 15:41;14/07/2026 00:20;14/07/2026 15:41
20261150;RJ;A0905;00019200000013452380;MultiModal;11/07/2026 14:30;13/07/2026 12:41;11/07/2026 14:30;13/07/2026 12:41
20261151;RJ;A2808;00019200000013452398;MultiModal;11/07/2026 13:57;13/07/2026 12:41;11/07/2026 13:57;13/07/2026 12:41
20261153;RJ;A9551;00019200000013445707;MultiModal;14/07/2026 00:20;14/07/2026 15:41;14/07/2026 00:56;14/07/2026 15:41
20261155;RJ;TA0276;00019200000013445715;MultiModal;14/07/2026 00:21;14/07/2026 15:41;14/07/2026 00:55;14/07/2026 15:41
20261156;RJ;A3079;00019200000013441558;MultiModal;14/07/2026 23:03;16/07/2026 12:12;14/07/2026 23:03;16/07/2026 12:12
20261191;RJ;A8312;00019200000013441531;MultiModal;14/07/2026 23:03;16/07/2026 12:12;14/07/2026 23:03;16/07/2026 12:12
20261192;RJ;A2756;00019200000013441540;MultiModal;14/07/2026 23:03;16/07/2026 12:12;14/07/2026 23:03;16/07/2026 12:12
20261193;RJ;TA0352;00019200000013441523;MultiModal;14/07/2026 23:03;16/07/2026 12:12;14/07/2026 23:03;16/07/2026 12:12
20261194;RJ;A5993;00019200000013454412;MultiModal;16/07/2026 00:06;17/07/2026 15:50;16/07/2026 00:06;17/07/2026 15:50
20261195;RJ;A7475;00019200000013472682;MultiModal;19/07/2026 23:29;20/07/2026 14:10;19/07/2026 23:29;20/07/2026 14:10
20261196;RJ;A2149;00019200000013595946;MultiModal;16/07/2026 22:35;17/07/2026 19:00;16/07/2026 22:35;17/07/2026 19:00
20261197;RJ;A0793;00019200000013595962;MultiModal;16/07/2026 22:36;17/07/2026 19:00;16/07/2026 22:36;17/07/2026 19:00
20261198;RJ;A5132;00019200000013475541;MultiModal;19/07/2026 02:00;20/07/2026 14:10;19/07/2026 02:00;20/07/2026 14:10
20261199;RJ;A6307;00019200000013472658;MultiModal;19/07/2026 02:01;20/07/2026 14:10;19/07/2026 02:01;20/07/2026 14:10
20261200;RJ;A3142;00019200000013472674;MultiModal;19/07/2026 02:00;20/07/2026 14:10;19/07/2026 02:00;20/07/2026 14:10
20261226;RJ;A4521;00019200000013468634;MultiModal;20/07/2026 23:39;-;20/07/2026 23:39;-
20261227;RJ;A6782;00019200000013468650;MultiModal;20/07/2026 23:39;-;20/07/2026 23:39;-
20261228;RJ;A1480;00019200000013468677;MultiModal;21/07/2026 02:50;-;21/07/2026 02:50;-
20261231;RJ;A4430;00019200000013468499;MultiModal;20/07/2026 23:39;-;20/07/2026 23:39;-
20261232;RJ;A2715;00019200000013468510;MultiModal;20/07/2026 23:39;-;20/07/2026 23:39;-
20261233;RJ;A0143;00019200000013468502;MultiModal;20/07/2026 23:39;-;20/07/2026 23:39;-
20261234;RJ;A8989;00019200000013467255;MultiModal;20/07/2026 23:39;-;20/07/2026 23:39;-
20261235;RJ;A5907;00019200000013467271;MultiModal;20/07/2026 23:39;-;20/07/2026 23:39;-
20261236;RJ;A6646;00019200000013467263;MultiModal;20/07/2026 23:40;-;20/07/2026 23:40;-
556347;RJ;A4117;00019200000013208861;MultiModal;17/06/2026 00:06;18/06/2026 17:00;17/06/2026 00:06;18/06/2026 17:00
556959;RJ;A7061;00019200000012904007;MultiModal;10/06/2026 11:22;12/06/2026 15:47;-;-
557077;RJ;A6701;00019200000012658430;MultiModal;11/06/2026 00:41;12/06/2026 14:50;-;-
557830;RJ;A7354;00019200000012920940;MultiModal;17/06/2026 00:37;22/06/2026 15:30;17/06/2026 00:37;22/06/2026 15:30
557834;RJ;A7060;00019200000012920835;MultiModal;17/06/2026 00:07;18/06/2026 11:05;17/06/2026 00:07;18/06/2026 11:05
558172;RJ;A7338;00019200000012697141;MultiModal;18/06/2026 04:14;19/06/2026 14:27;18/06/2026 04:14;19/06/2026 14:27
558250;RJ;A4500;00019200000013241230;MultiModal;18/06/2026 22:56;20/06/2026 11:00;18/06/2026 22:56;20/06/2026 11:00
558287;RJ;A3715;00019200000013440306;MultiModal;20/07/2026 04:59;-;20/07/2026 04:59;-
558289;RJ;A6901;00019200000013242881;MultiModal;24/06/2026 08:07;26/06/2026 14:10;24/06/2026 08:07;26/06/2026 14:10
558418;RJ;A6826;00019200000012699730;MultiModal;23/06/2026 04:26;24/06/2026 13:13;23/06/2026 04:26;24/06/2026 13:13
558419;RJ;TA0253;00019200000012699721;MultiModal;23/06/2026 04:25;24/06/2026 12:40;23/06/2026 04:25;24/06/2026 12:40
558581;RJ;A6015;00019200000013235087;MultiModal;23/06/2026 04:27;25/06/2026 16:30;23/06/2026 04:27;25/06/2026 16:30
558651;RJ;A1971;00019200000013208420;MultiModal;23/06/2026 04:25;24/06/2026 12:40;23/06/2026 04:25;24/06/2026 12:40
559081;RJ;A7163;00019200000013329928;MultiModal;25/06/2026 23:13;02/07/2026 13:40;25/06/2026 23:13;02/07/2026 13:40
559120;RJ;A4528;00019200000013329987;MultiModal;25/06/2026 23:16;30/06/2026 12:00;25/06/2026 23:16;30/06/2026 12:00
559153;RJ;A3382;00019200000013329960;MultiModal;25/06/2026 23:14;27/06/2026 14:00;25/06/2026 23:14;27/06/2026 14:00
559158;RJ;A8466;00019200000013329979;MultiModal;25/06/2026 23:15;27/06/2026 14:00;25/06/2026 23:15;27/06/2026 14:00
559188;RJ;A0447;00019200000013329936;MultiModal;25/06/2026 23:13;30/06/2026 10:20;25/06/2026 23:13;30/06/2026 10:20
559223;RJ;A7054;00019200000013245007;MultiModal;25/06/2026 23:12;30/06/2026 11:20;25/06/2026 23:12;30/06/2026 11:20
559325;RJ;A9623;00019200000013254731;MultiModal;29/06/2026 03:57;30/06/2026 15:20;29/06/2026 03:57;30/06/2026 15:20
559424;RJ;A9401;00019200000013201352;MultiModal;30/06/2026 04:33;01/07/2026 16:00;30/06/2026 04:33;01/07/2026 16:00
559563;RJ;A3983;00019200000013428420;MultiModal;02/07/2026 03:19;03/07/2026 12:00;02/07/2026 03:19;03/07/2026 12:00
559584;RJ;A3476;00019200000013428489;MultiModal;02/07/2026 03:19;03/07/2026 14:20;02/07/2026 03:19;03/07/2026 14:20
559628;RJ;A4018;00019200000013428438;MultiModal;02/07/2026 03:19;-;02/07/2026 03:19;-
559645;RJ;A2919;00019200000013428217;MultiModal;02/07/2026 03:19;-;02/07/2026 03:19;-
559664;RJ;A1531;00019200000013428446;MultiModal;02/07/2026 03:19;03/07/2026 12:46;02/07/2026 03:19;03/07/2026 12:46
559671;RJ;A8335;00019200000013428233;MultiModal;02/07/2026 03:19;03/07/2026 11:08;02/07/2026 03:19;03/07/2026 11:08
559736;RJ;A4443;00019200000013422898;MultiModal;02/07/2026 23:47;06/07/2026 14:00;02/07/2026 23:47;06/07/2026 14:00
559821;RJ;A6247;00019200000013421140;MultiModal;06/07/2026 03:02;07/07/2026 13:00;06/07/2026 03:02;07/07/2026 13:00
560142;RJ;TA0882;00019200000013413619;MultiModal;08/07/2026 07:27;10/07/2026 14:43;08/07/2026 07:27;10/07/2026 14:43
560200;RJ;A4853;00019200000013410881;MultiModal;09/07/2026 02:35;13/07/2026 14:00;09/07/2026 02:35;13/07/2026 14:00
560228;RJ;A6113;00019200000013411136;MultiModal;09/07/2026 02:35;13/07/2026 14:00;09/07/2026 02:35;13/07/2026 14:00
560248;RJ;A3271;00019200000013411039;MultiModal;09/07/2026 02:35;10/07/2026 15:04;09/07/2026 02:35;10/07/2026 15:04
560324;RJ;A9002;00019200000013489275;MultiModal;09/07/2026 23:45;15/07/2026 14:25;09/07/2026 23:45;15/07/2026 14:25
560919;RJ;TA1021;00019200000013442163;MultiModal;15/07/2026 03:28;16/07/2026 19:00;15/07/2026 03:28;16/07/2026 19:00
561452;RJ;A4706;00019200000013478907;MultiModal;20/07/2026 04:59;21/07/2026 11:05;20/07/2026 04:59;21/07/2026 11:05
557432;RN;A9112;00019200000012704989;MultiModal;11/06/2026 23:18;12/06/2026 17:22;-;-
557709;RN;A6304;00019200000013225979;MultiModal;18/06/2026 04:16;19/06/2026 17:16;18/06/2026 04:16;19/06/2026 17:16
558158;RN;A7435;00019200000013225960;MultiModal;18/06/2026 04:16;19/06/2026 14:05;18/06/2026 04:16;19/06/2026 14:05
559470;RN;A5799;00019200000013247530;MultiModal;30/06/2026 04:30;01/07/2026 15:07;30/06/2026 04:30;01/07/2026 15:07
559718;RN;A9268;00019200000013407228;MultiModal;09/07/2026 01:33;10/07/2026 14:50;09/07/2026 01:33;10/07/2026 14:50
560128;RN;A5064;00019200000013413600;MultiModal;08/07/2026 07:26;10/07/2026 10:51;08/07/2026 07:26;10/07/2026 10:51
561046;RN;A5647;00019200000013477471;MultiModal;21/07/2026 03:22;-;21/07/2026 03:22;-
561580;RN;A4652;00019200000013478869;MultiModal;20/07/2026 04:59;-;20/07/2026 04:59;-
557553;RO;A7207;00019200000012927201;MultiModal;17/06/2026 23:41;22/06/2026 18:00;17/06/2026 23:41;22/06/2026 18:00
559733;RO;A3663;00019200000013423096;MultiModal;06/07/2026 00:51;08/07/2026 18:00;06/07/2026 00:51;08/07/2026 18:00
559957;RO;TA0951;00019200000013418246;MultiModal;07/07/2026 01:00;08/07/2026 18:00;07/07/2026 01:00;08/07/2026 18:00
560093;RO;TA0410;00019200000013492292;MultiModal;13/07/2026 04:28;14/07/2026 13:00;13/07/2026 04:28;14/07/2026 13:00
560242;RO;A5109;00019200000013410911;MultiModal;09/07/2026 01:25;10/07/2026 14:00;09/07/2026 01:25;10/07/2026 14:00
560784;RO;A4584;00019200000013442244;MultiModal;14/07/2026 22:57;16/07/2026 18:00;14/07/2026 22:57;16/07/2026 18:00
561462;RO;A2039;00019200000013477498;MultiModal;20/07/2026 04:21;-;20/07/2026 04:21;-
556793;RR;TA0611;00019200000012904830;MultiModal;15/06/2026 08:47;17/06/2026 10:15;15/06/2026 08:56;17/06/2026 10:15
557629;RR;A5356;00019200000012927163;MultiModal;17/06/2026 23:48;22/06/2026 14:26;17/06/2026 23:48;22/06/2026 14:26
559934;RR;A0830;00019200000013415263;MultiModal;13/07/2026 00:33;14/07/2026 18:00;13/07/2026 00:33;14/07/2026 18:00
560451;RR;A8548;00019200000013441566;MultiModal;14/07/2026 22:48;17/07/2026 11:00;14/07/2026 22:48;17/07/2026 11:00
560787;RR;A2021;00019200000013442201;MultiModal;15/07/2026 04:12;17/07/2026 13:00;15/07/2026 04:12;17/07/2026 13:00
557948;RS;A6663;00019200000012920843;MultiModal;17/06/2026 04:40;19/06/2026 17:15;17/06/2026 04:40;19/06/2026 17:15
558297;RS;A6387;00019200000013423061;MultiModal;06/07/2026 05:43;-;06/07/2026 05:43;-
558347;RS;A8205;00019200000013410822;MultiModal;16/07/2026 04:16;-;16/07/2026 04:16;-
558670;RS;A9606;00019200000013235079;MultiModal;23/06/2026 05:32;25/06/2026 13:15;23/06/2026 05:32;25/06/2026 13:15
558988;RS;A6036;00019200000013422367;MultiModal;08/07/2026 05:26;-;08/07/2026 05:26;-
559071;RS;TA0073;00019200000013422286;MultiModal;08/07/2026 05:25;-;08/07/2026 05:25;-
559096;RS;A1466;00019200000013248324;MultiModal;29/06/2026 05:40;30/06/2026 15:00;29/06/2026 05:40;30/06/2026 15:00
559146;RS;A7332;00019200000013333151;MultiModal;25/06/2026 23:16;30/06/2026 15:08;25/06/2026 23:16;30/06/2026 15:08
559743;RS;A8646;00019200000013422979;MultiModal;02/07/2026 23:50;04/07/2026 13:00;02/07/2026 23:50;04/07/2026 13:00
559978;RS;A8332;00019200000013419447;MultiModal;07/07/2026 06:50;09/07/2026 09:49;07/07/2026 06:50;09/07/2026 09:49
560130;RS;A6424;00019200000013413562;MultiModal;08/07/2026 07:16;09/07/2026 15:00;08/07/2026 07:16;09/07/2026 15:00
560135;RS;A5451;00019200000013413651;MultiModal;08/07/2026 07:17;09/07/2026 17:00;08/07/2026 07:17;09/07/2026 17:00
560136;RS;A3276;00019200000013414356;MultiModal;08/07/2026 00:18;10/07/2026 18:30;08/07/2026 00:18;13/07/2026 17:34
560138;RS;A8639;00019200000013413635;MultiModal;08/07/2026 07:15;09/07/2026 17:00;08/07/2026 07:15;09/07/2026 17:00
560222;RS;A6189;00019200000013411225;MultiModal;09/07/2026 04:50;13/07/2026 18:00;09/07/2026 04:50;13/07/2026 18:00
560226;RS;A7723;00019200000013411063;MultiModal;09/07/2026 04:50;10/07/2026 17:38;09/07/2026 04:50;10/07/2026 17:38
560234;RS;A9252;00019200000013411187;MultiModal;09/07/2026 01:14;10/07/2026 18:30;09/07/2026 01:14;13/07/2026 17:31
560244;RS;A7192;00019200000013410920;MultiModal;09/07/2026 04:50;10/07/2026 17:39;09/07/2026 04:50;10/07/2026 17:39
560462;RS;A7806;00019200000013489038;MultiModal;09/07/2026 23:43;13/07/2026 18:00;09/07/2026 23:43;13/07/2026 18:00
560916;RS;TA0447;00019200000013442180;MultiModal;15/07/2026 04:06;17/07/2026 19:00;15/07/2026 04:06;17/07/2026 19:00
560951;RS;TA0376;00019200000013480804;MultiModal;15/07/2026 04:07;17/07/2026 17:00;15/07/2026 04:07;17/07/2026 17:00
560990;RS;A0944;00019200000013480715;MultiModal;15/07/2026 04:10;17/07/2026 16:00;15/07/2026 04:10;17/07/2026 16:00
561398;RS;A1445;00019200000013594184;MultiModal;20/07/2026 06:09;-;20/07/2026 06:09;-
561460;RS;A4777;00019200000013478850;MultiModal;20/07/2026 03:06;-;20/07/2026 03:06;-
561464;RS;A3371;00019200000013477510;MultiModal;20/07/2026 06:08;-;20/07/2026 06:08;-
561475;RS;A7503;00019200000013475886;MultiModal;20/07/2026 06:09;-;20/07/2026 06:09;-
561477;RS;A2626;00019200000013477447;MultiModal;20/07/2026 06:09;-;20/07/2026 06:09;-
561478;RS;TA0573;00019200000013475851;MultiModal;20/07/2026 06:08;-;20/07/2026 06:08;-
561479;RS;A9193;00019200000013475894;MultiModal;20/07/2026 06:09;-;20/07/2026 06:09;-
561481;RS;TA0828;00019200000013475860;MultiModal;20/07/2026 06:08;-;20/07/2026 06:08;-
557017;SC;A3637;00019200000012904023;MultiModal;10/06/2026 06:41;11/06/2026 17:34;-;-
557083;SC;A2809;00019200000012658162;MultiModal;11/06/2026 00:22;16/06/2026 17:29;-;-
557299;SC;A1989;00019200000012658367;MultiModal;11/06/2026 00:35;12/06/2026 14:00;-;-
557309;SC;A8509;00019200000012658332;MultiModal;11/06/2026 00:22;15/06/2026 10:43;-;-
557429;SC;A4906;00019200000012705012;MultiModal;11/06/2026 23:18;12/06/2026 15:57;-;-
557653;SC;A7889;00019200000013208870;MultiModal;16/06/2026 06:24;18/06/2026 17:04;16/06/2026 06:24;18/06/2026 17:04
557659;SC;A6143;00019200000013208853;MultiModal;16/06/2026 06:24;17/06/2026 17:00;16/06/2026 06:24;17/06/2026 17:00
557660;SC;A0647;00019200000012694770;MultiModal;16/06/2026 06:24;17/06/2026 17:00;16/06/2026 06:24;17/06/2026 17:00
557661;SC;A6246;00019200000012920762;MultiModal;16/06/2026 06:24;17/06/2026 17:00;16/06/2026 06:24;17/06/2026 17:00
557663;SC;A1273;00019200000013208780;MultiModal;16/06/2026 06:24;17/06/2026 17:00;16/06/2026 06:24;17/06/2026 17:00
558159;SC;A7132;00019200000013328956;MultiModal;29/06/2026 01:10;01/07/2026 10:00;29/06/2026 01:10;01/07/2026 10:00
558299;SC;TA0694;00019200000013423169;MultiModal;06/07/2026 05:43;08/07/2026 15:24;06/07/2026 05:43;08/07/2026 15:24
558349;SC;A7656;00019200000013423045;MultiModal;06/07/2026 05:43;08/07/2026 15:25;06/07/2026 05:43;08/07/2026 15:25
558497;SC;A8404;00019200000013208365;MultiModal;23/06/2026 05:32;24/06/2026 15:00;23/06/2026 05:32;24/06/2026 15:00
558498;SC;A2505;00019200000013208411;MultiModal;23/06/2026 05:32;24/06/2026 16:00;23/06/2026 05:32;24/06/2026 16:00
558647;SC;A9053;00019200000013235095;MultiModal;23/06/2026 03:42;24/06/2026 10:00;23/06/2026 03:42;01/07/2026 17:49
558652;SC;A7839;00019200000013235168;MultiModal;23/06/2026 03:43;24/06/2026 10:00;23/06/2026 03:43;01/07/2026 17:46
558744;SC;A5679;00019200000013327151;MultiModal;24/06/2026 00:08;25/06/2026 14:33;24/06/2026 00:08;01/07/2026 17:42
558745;SC;A4784;00019200000013327178;MultiModal;24/06/2026 00:08;25/06/2026 14:33;24/06/2026 00:08;01/07/2026 17:37
559147;SC;A8984;00019200000013329995;MultiModal;25/06/2026 23:16;26/06/2026 16:10;25/06/2026 23:16;26/06/2026 16:10
559353;SC;A1881;00019200000013253093;MultiModal;29/06/2026 02:28;30/06/2026 13:00;29/06/2026 02:28;30/06/2026 13:00
559363;SC;A9397;00019200000013407236;MultiModal;08/07/2026 05:27;10/07/2026 20:00;08/07/2026 05:27;10/07/2026 20:00
559416;SC;A8249;00019200000013202529;MultiModal;29/06/2026 09:18;01/07/2026 10:00;-;-
559484;SC;A8332;00019200000013202421;MultiModal;30/06/2026 00:16;01/07/2026 14:45;30/06/2026 00:16;01/07/2026 17:18
559486;SC;A9354;00019200000013247514;MultiModal;30/06/2026 00:16;01/07/2026 14:45;30/06/2026 00:16;01/07/2026 17:22
559696;SC;A7444;00019200000013422944;MultiModal;06/07/2026 05:43;08/07/2026 14:35;06/07/2026 05:43;08/07/2026 14:35
559858;SC;TA0641;00019200000013406191;MultiModal;06/07/2026 06:23;08/07/2026 15:32;06/07/2026 06:23;08/07/2026 15:32
559859;SC;A8561;00019200000013421115;MultiModal;06/07/2026 06:23;08/07/2026 15:34;06/07/2026 06:23;08/07/2026 15:34
560223;SC;A7198;00019200000013411268;MultiModal;09/07/2026 04:51;13/07/2026 14:45;09/07/2026 04:51;13/07/2026 14:45
560487;SC;A4395;00019200000013489054;MultiModal;09/07/2026 23:44;13/07/2026 14:47;09/07/2026 23:44;13/07/2026 14:47
560495;SC;A5525;00019200000013450832;MultiModal;13/07/2026 07:54;15/07/2026 11:29;-;-
560622;SC;TA1107;00019200000013452584;MultiModal;13/07/2026 06:44;14/07/2026 16:00;13/07/2026 06:44;16/07/2026 17:15
560623;SC;A1456;00019200000013452444;MultiModal;13/07/2026 06:45;14/07/2026 16:00;13/07/2026 06:45;14/07/2026 16:00
560624;SC;TA0463;00019200000013452576;MultiModal;13/07/2026 06:44;14/07/2026 16:00;13/07/2026 06:44;14/07/2026 16:00
560626;SC;A3639;00019200000013452533;MultiModal;13/07/2026 06:44;14/07/2026 16:00;13/07/2026 06:44;14/07/2026 16:00
560732;SC;A8687;00019200000013440357;MultiModal;16/07/2026 03:30;-;16/07/2026 03:30;-
560920;SC;A8182;00019200000013442112;MultiModal;14/07/2026 22:48;17/07/2026 10:40;14/07/2026 22:48;17/07/2026 12:16
560993;SC;TA0729;00019200000013480790;MultiModal;15/07/2026 04:11;16/07/2026 15:59;15/07/2026 04:11;16/07/2026 15:59
561623;SC;A8559;00019200000013467158;MultiModal;21/07/2026 05:42;-;21/07/2026 05:42;-
561624;SC;A3008;00019200000013467140;MultiModal;21/07/2026 05:42;-;21/07/2026 05:42;-
561626;SC;A5092;00019200000013467190;MultiModal;21/07/2026 05:42;-;21/07/2026 05:42;-
557695;SE;TA0296;00019200000012694762;MultiModal;17/06/2026 23:49;19/06/2026 15:00;17/06/2026 23:49;19/06/2026 15:00
558313;SE;A6545;00019200000013240501;MultiModal;18/06/2026 22:58;20/06/2026 13:31;18/06/2026 22:58;20/06/2026 13:31
560094;SE;A8989;00019200000013492306;MultiModal;13/07/2026 04:28;14/07/2026 15:00;13/07/2026 04:28;14/07/2026 15:00
560129;SE;A0975;00019200000013485598;MultiModal;13/07/2026 23:32;15/07/2026 10:30;13/07/2026 23:32;15/07/2026 10:30
560790;SE;A9558;00019200000013442147;MultiModal;15/07/2026 23:21;17/07/2026 14:45;15/07/2026 23:21;17/07/2026 14:45
557090;SP;A9400;00019200000012658456;Rodoviário;15/06/2026 06:56;15/06/2026 11:02;15/06/2026 06:56;15/06/2026 11:02
557091;SP;A5084;00019200000012658448;Rodoviário;15/06/2026 05:53;15/06/2026 08:27;15/06/2026 05:53;15/06/2026 08:27
557092;SP;A5059;00019200000012658383;Rodoviário;15/06/2026 06:57;16/06/2026 14:06;15/06/2026 06:57;16/06/2026 14:06
557284;SP;A4723;00019200000013211722;Rodoviário;15/06/2026 04:22;15/06/2026 07:09;-;-
557288;SP;A3080;00019200000012658359;Rodoviário;11/06/2026 04:17;11/06/2026 10:01;-;-
557307;SP;A9570;00019200000012658413;Rodoviário;12/06/2026 02:44;12/06/2026 12:57;-;-
557328;SP;A3008;00019200000012656429;Rodoviário;15/06/2026 03:05;15/06/2026 16:58;15/06/2026 03:05;15/06/2026 16:58
557410;SP;A8689;00019200000012656461;Rodoviário;15/06/2026 06:57;15/06/2026 17:09;15/06/2026 06:57;15/06/2026 17:09
557411;SP;A7263;00019200000012656453;Rodoviário;15/06/2026 06:57;15/06/2026 17:06;15/06/2026 06:57;15/06/2026 17:06
557413;SP;A0839;00019200000012656437;Rodoviário;15/06/2026 05:02;15/06/2026 12:16;15/06/2026 05:02;15/06/2026 12:16
557501;SP;A6931;00019200000012656380;Rodoviário;15/06/2026 03:05;16/06/2026 07:15;15/06/2026 03:05;16/06/2026 07:15
557723;SP;A5479;00019200000013208802;Rodoviário;16/06/2026 07:43;16/06/2026 15:43;16/06/2026 07:43;16/06/2026 15:43
557828;SP;A6826;00019200000012920967;Rodoviário;17/06/2026 04:18;17/06/2026 11:37;-;-
557833;SP;TA0004;00019200000012927708;Rodoviário;17/06/2026 04:53;17/06/2026 09:29;-;-
557850;SP;TA0204;00019200000012920878;Rodoviário;17/06/2026 04:34;17/06/2026 11:08;-;-
557872;SP;A8700;00019200000012920908;Rodoviário;18/06/2026 04:12;25/06/2026 16:39;18/06/2026 04:12;25/06/2026 16:39
557968;SP;A8010;00019200000012920886;Rodoviário;18/06/2026 03:58;18/06/2026 16:39;18/06/2026 03:58;18/06/2026 16:39
558049;SP;TA0525;00019200000012923893;Rodoviário;18/06/2026 05:42;18/06/2026 13:07;18/06/2026 05:42;18/06/2026 13:20
558050;SP;TA0771;00019200000012923907;Rodoviário;18/06/2026 04:01;18/06/2026 13:23;18/06/2026 04:01;18/06/2026 13:23
558062;SP;A1913;00019200000012923869;Rodoviário;18/06/2026 04:01;18/06/2026 15:35;18/06/2026 04:01;18/06/2026 15:35
558075;SP;A7691;00019200000012697184;Rodoviário;18/06/2026 05:42;18/06/2026 11:50;18/06/2026 05:42;18/06/2026 11:50
558078;SP;A8229;00019200000012697214;Rodoviário;18/06/2026 03:57;18/06/2026 14:28;18/06/2026 03:57;18/06/2026 14:28
558223;SP;A3789;00019200000013241214;Rodoviário;22/06/2026 03:21;23/06/2026 08:02;22/06/2026 03:21;23/06/2026 08:02
558226;SP;TA0218;00019200000013241222;Rodoviário;19/06/2026 03:48;19/06/2026 11:22;19/06/2026 03:48;19/06/2026 11:22
558302;SP;TA0893;00019200000013423134;Rodoviário;08/07/2026 04:58;08/07/2026 10:51;08/07/2026 04:58;08/07/2026 10:51
558421;SP;A7864;00019200000012699748;Rodoviário;22/06/2026 03:34;22/06/2026 16:47;22/06/2026 03:34;22/06/2026 16:47
558580;SP;A3058;00019200000013235150;Rodoviário;24/06/2026 05:31;24/06/2026 11:56;24/06/2026 05:31;24/06/2026 11:56
558584;SP;A7202;00019200000013235141;Rodoviário;23/06/2026 06:20;23/06/2026 16:05;23/06/2026 06:20;23/06/2026 16:05
558605;SP;A1768;00019200000013316370;Rodoviário;24/06/2026 05:31;24/06/2026 09:18;24/06/2026 05:31;24/06/2026 09:18
558648;SP;A7327;00019200000013235125;Rodoviário;23/06/2026 06:20;23/06/2026 16:02;23/06/2026 06:20;23/06/2026 16:02
558654;SP;A6031;00019200000013235117;Rodoviário;23/06/2026 06:46;23/06/2026 09:12;23/06/2026 06:46;23/06/2026 09:12
558668;SP;A3657;00019200000013235133;Rodoviário;23/06/2026 05:44;23/06/2026 12:49;23/06/2026 05:44;23/06/2026 12:49
558743;SP;TA0843;00019200000012615013;Rodoviário;24/06/2026 07:55;24/06/2026 13:55;24/06/2026 07:55;24/06/2026 13:55
559051;SP;A6316;00019200000013316397;Rodoviário;24/06/2026 06:41;24/06/2026 14:07;24/06/2026 06:41;24/06/2026 14:07
559144;SP;A9702;00019200000013333143;Rodoviário;26/06/2026 01:35;26/06/2026 09:39;26/06/2026 01:35;26/06/2026 09:39
559145;SP;TA0687;00019200000013333135;Rodoviário;26/06/2026 01:36;26/06/2026 13:09;26/06/2026 01:36;26/06/2026 13:09
559149;SP;A2884;00019200000013328930;Rodoviário;26/06/2026 01:35;26/06/2026 09:51;26/06/2026 01:35;26/06/2026 09:51
559162;SP;A1802;00019200000013328921;Rodoviário;26/06/2026 00:44;26/06/2026 16:55;26/06/2026 00:44;26/06/2026 16:55
559214;SP;A5006;00019200000013245015;Rodoviário;26/06/2026 01:21;26/06/2026 16:02;26/06/2026 01:21;26/06/2026 16:02
559220;SP;TA0856;00019200000013245058;Rodoviário;26/06/2026 01:39;26/06/2026 10:56;26/06/2026 01:39;26/06/2026 10:56
559246;SP;A3630;00019200000013249681;Rodoviário;26/06/2026 00:44;26/06/2026 09:23;26/06/2026 00:44;26/06/2026 09:24
559293;SP;A5840;00019200000013253085;Rodoviário;29/06/2026 07:07;29/06/2026 16:27;29/06/2026 07:07;29/06/2026 16:27
559343;SP;TA0307;00019200000013254740;Rodoviário;29/06/2026 08:59;29/06/2026 13:54;29/06/2026 08:59;29/06/2026 13:54
559430;SP;A2142;00019200000013247506;Rodoviário;29/06/2026 04:11;29/06/2026 12:25;29/06/2026 04:11;29/06/2026 12:25
559531;SP;A5323;00019200000013428462;Rodoviário;02/07/2026 06:09;02/07/2026 09:58;02/07/2026 06:09;02/07/2026 09:58
559692;SP;A8733;00019200000013423070;Rodoviário;03/07/2026 04:14;03/07/2026 17:08;03/07/2026 04:14;03/07/2026 17:08
559693;SP;A8992;00019200000013423258;Rodoviário;03/07/2026 02:09;03/07/2026 12:34;03/07/2026 02:09;03/07/2026 12:34
559735;SP;A3747;00019200000013423126;Rodoviário;03/07/2026 02:09;03/07/2026 13:03;03/07/2026 02:09;03/07/2026 13:03
559826;SP;A4562;00019200000013405446;Rodoviário;06/07/2026 05:53;06/07/2026 12:43;06/07/2026 05:53;06/07/2026 12:43
559837;SP;A8527;00019200000013405454;Rodoviário;06/07/2026 06:14;08/07/2026 12:32;06/07/2026 06:14;08/07/2026 12:32
559839;SP;A7266;00019200000013421123;Rodoviário;06/07/2026 06:04;06/07/2026 12:58;06/07/2026 06:04;06/07/2026 12:58
560125;SP;A8088;00019200000013416510;Rodoviário;08/07/2026 03:23;13/07/2026 14:36;08/07/2026 03:23;13/07/2026 14:36
560137;SP;A7054;00019200000013414330;Rodoviário;08/07/2026 03:08;08/07/2026 11:26;08/07/2026 03:08;08/07/2026 11:26
560139;SP;A6826;00019200000013207903;Rodoviário;08/07/2026 03:23;08/07/2026 11:30;08/07/2026 03:23;08/07/2026 11:30
560230;SP;TA0828;00019200000013411195;Rodoviário;10/07/2026 03:41;16/07/2026 14:06;10/07/2026 03:41;16/07/2026 14:06
560233;SP;A3457;00019200000013411179;Rodoviário;14/07/2026 03:09;14/07/2026 10:06;14/07/2026 03:09;14/07/2026 10:06
560249;SP;A7033;00019200000013411152;Rodoviário;10/07/2026 03:55;10/07/2026 10:38;10/07/2026 03:55;10/07/2026 10:38
560461;SP;A8102;00019200000013492268;Rodoviário;14/07/2026 03:02;14/07/2026 13:11;14/07/2026 03:02;14/07/2026 13:11
560595;SP;A4988;00019200000013452525;Rodoviário;14/07/2026 02:59;14/07/2026 13:03;14/07/2026 02:59;14/07/2026 13:03
560906;SP;TA0387;00019200000013481452;Rodoviário;15/07/2026 01:37;16/07/2026 13:04;15/07/2026 01:37;16/07/2026 13:04
560910;SP;A2981;00019200000013442171;Rodoviário;15/07/2026 02:27;15/07/2026 15:34;15/07/2026 02:27;15/07/2026 15:34
561047;SP;A7606;00019200000013594133;Rodoviário;21/07/2026 06:13;21/07/2026 09:16;-;-
561166;SP;A7477;00019200000013478753;Rodoviário;16/07/2026 04:42;16/07/2026 10:01;16/07/2026 04:42;16/07/2026 10:01
561242;SP;A8012;00019200000013594168;Rodoviário;17/07/2026 01:36;17/07/2026 11:19;-;-
561472;SP;TA0580;00019200000013477544;Rodoviário;20/07/2026 05:23;20/07/2026 16:58;20/07/2026 05:23;20/07/2026 16:58
561571;SP;A5111;00019200000013472518;Rodoviário;20/07/2026 05:23;20/07/2026 17:00;20/07/2026 05:23;20/07/2026 17:00
561572;SP;A6697;00019200000013472623;Rodoviário;20/07/2026 05:23;-;20/07/2026 05:23;-
561576;SP;A2621;00019200000013472496;Rodoviário;20/07/2026 05:43;20/07/2026 16:01;20/07/2026 05:43;20/07/2026 16:01
561577;SP;A8963;00019200000013471767;Rodoviário;20/07/2026 03:48;20/07/2026 10:03;20/07/2026 03:48;20/07/2026 10:03
561643;SP;A6780;00019200000013467239;Rodoviário;21/07/2026 05:50;21/07/2026 11:07;21/07/2026 05:50;21/07/2026 11:07
561649;SP;A1815;00019200000013467182;Rodoviário;21/07/2026 05:49;21/07/2026 09:37;21/07/2026 05:49;21/07/2026 09:37
561668;SP;A5655;00019200000013467131;Rodoviário;21/07/2026 06:27;21/07/2026 16:44;21/07/2026 06:27;21/07/2026 16:44
555035;TO;TA0977;00019200000012923885;MultiModal;22/06/2026 06:03;23/06/2026 11:00;22/06/2026 06:03;23/06/2026 11:00
557319;TO;A1420;00019200000012658146;MultiModal;11/06/2026 00:25;12/06/2026 14:58;-;-
558045;TO;S1479;00019200000012923850;MultiModal;17/06/2026 23:35;19/06/2026 18:00;17/06/2026 23:35;19/06/2026 18:00
558993;TO;A5277;00019200000013328948;MultiModal;29/06/2026 00:49;30/06/2026 16:00;29/06/2026 00:49;30/06/2026 16:00
560095;TO;A6147;00019200000013414321;MultiModal;08/07/2026 00:41;09/07/2026 18:00;08/07/2026 00:41;09/07/2026 18:00
560131;TO;A1961;00019200000013411160;MultiModal;13/07/2026 00:40;14/07/2026 14:54;13/07/2026 00:40;14/07/2026 14:54
560364;TO;A0191;00019200000013492314;MultiModal;13/07/2026 01:44;-;13/07/2026 01:44;-
560806;TO;A9206;00019200000013442210;MultiModal;14/07/2026 23:02;17/07/2026 14:00;14/07/2026 23:02;17/07/2026 14:00
