Caixa;Tipo de caixa;Tipo térmico;Pedido;UF;Logger;LPN;MODAL;Data da coleta;Data da entrega;CHEGADA CLIENTE;COLETA EMBARQUE;ENTREGA EMBARQUE
CAIXA 42L;CAIXA 42L SEM BERÇO;-30 C a -15 C;559941;AC;A4471;00019200000013412515;MultiModal;09/07/2026 01:55;11/07/2026 15:00;-;09/07/2026 01:55;11/07/2026 15:00
CAIXA 42L;CAIXA 42L SEM BERÇO;-90 C a -60 C;560522;AC;AS-0616;00019200000013468863;MultiModal;20/07/2026 22:46;23/07/2026 16:45;-;20/07/2026 22:46;23/07/2026 16:45
CAIXA 42L;CAIXA 42L SEM BERÇO;-90 C a -60 C;560530;AC;AS-0245;00019200000013468855;MultiModal;20/07/2026 22:44;23/07/2026 16:45;-;20/07/2026 22:50;23/07/2026 16:45
CAIXA 42L;CAIXA 42L SEM BERÇO;-30 C a -15 C;559098;AL;A5491;00019200000013429094;MultiModal;01/07/2026 04:24;03/07/2026 16:00;-;01/07/2026 04:24;03/07/2026 16:00
CAIXA 42L;CAIXA 42L SEM BERÇO;-30 C a -15 C;559961;AL;A1360;00019200000013418297;MultiModal;07/07/2026 05:43;08/07/2026 11:05;-;07/07/2026 05:43;08/07/2026 11:05
CAIXA 42L;CAIXA 42L SEM BERÇO;-90 C a -60 C;560523;AL;AS-0060;00019200000013468847;MultiModal;20/07/2026 22:43;22/07/2026 18:30;-;20/07/2026 22:47;22/07/2026 18:30
CAIXA 42L;CAIXA 42L SEM BERÇO;-30 C a -15 C;561686;AL;A7806;00019200000013467034;MultiModal;21/07/2026 04:14;23/07/2026 16:00;-;21/07/2026 04:14;23/07/2026 16:00
CAIXA 42L;CAIXA 42L SEM BERÇO;-30 C a -15 C;559985;AM;A6980;00019200000013419170;MultiModal;07/07/2026 06:03;08/07/2026 12:16;08/07/2026 12:16;07/07/2026 06:03;08/07/2026 12:17
CAIXA 42L;CAIXA 42L SEM BERÇO;-90 C a -60 C;560535;AM;869170034886797;00019200000013440373;MultiModal;15/07/2026 23:22;17/07/2026 10:45;17/07/2026 12:29;15/07/2026 23:22;17/07/2026 12:30
CAIXA 42L;CAIXA 42L SEM BERÇO;-90 C a -60 C;560535;AM;869170035514240;00019200000013440381;MultiModal;15/07/2026 23:22;17/07/2026 10:45;17/07/2026 12:29;15/07/2026 23:22;17/07/2026 12:30
CAIXA 42L;CAIXA 42L SEM BERÇO;-90 C a -60 C;560535;AM;869170035508382;00019200000013440390;MultiModal;15/07/2026 23:22;17/07/2026 10:45;17/07/2026 12:29;15/07/2026 23:22;17/07/2026 12:30
CAIXA 42L;CAIXA 42L SEM BERÇO;-90 C a -60 C;560535;AM;869170034877747;00019200000013440403;MultiModal;15/07/2026 23:22;17/07/2026 10:45;17/07/2026 12:27;15/07/2026 23:23;17/07/2026 12:28
CAIXA 42L;CAIXA 42L SEM BERÇO;-90 C a -60 C;560535;AM;869170034885856;00019200000013440411;MultiModal;15/07/2026 23:22;17/07/2026 10:45;17/07/2026 12:29;15/07/2026 23:22;17/07/2026 12:30
CAIXA 42L;CAIXA 42L SEM BERÇO;-90 C a -60 C;560535;AM;869170035502047;00019200000013440420;MultiModal;15/07/2026 23:22;17/07/2026 10:45;17/07/2026 12:27;15/07/2026 23:23;17/07/2026 12:28
CAIXA 42L;CAIXA 42L SEM BERÇO;-90 C a -60 C;560535;AM;869170034881301;00019200000013440438;MultiModal;15/07/2026 23:22;17/07/2026 10:45;17/07/2026 12:27;15/07/2026 23:23;17/07/2026 12:28
CAIXA 42L;CAIXA 42L SEM BERÇO;-90 C a -60 C;560535;AM;869170034885815;00019200000013440446;MultiModal;15/07/2026 23:22;17/07/2026 10:45;17/07/2026 12:27;15/07/2026 23:23;17/07/2026 12:28
CAIXA 42L;CAIXA 42L SEM BERÇO;-90 C a -60 C;560535;AM;869170034885120;00019200000013440454;MultiModal;15/07/2026 23:22;17/07/2026 10:45;17/07/2026 12:29;15/07/2026 23:22;17/07/2026 12:30
CAIXA 42L;CAIXA 42L SEM BERÇO;-90 C a -60 C;560535;AM;869170034881129;00019200000013440462;MultiModal;15/07/2026 23:22;17/07/2026 10:45;17/07/2026 12:27;15/07/2026 23:23;17/07/2026 12:28
CAIXA 42L;CAIXA 42L SEM BERÇO;-90 C a -60 C;560535;AM;869170034872987;00019200000013440470;MultiModal;15/07/2026 23:22;17/07/2026 10:45;17/07/2026 12:27;15/07/2026 23:23;17/07/2026 12:28
CAIXA 42L;CAIXA 42L SEM BERÇO;-90 C a -60 C;560535;AM;869170034883513;00019200000013440489;MultiModal;15/07/2026 23:22;17/07/2026 10:45;17/07/2026 12:27;15/07/2026 23:23;17/07/2026 12:28
CAIXA 42L;CAIXA 42L SEM BERÇO;-90 C a -60 C;560535;AM;869170035503821;00019200000013440497;MultiModal;15/07/2026 23:22;17/07/2026 10:45;17/07/2026 12:29;15/07/2026 23:22;17/07/2026 12:30
CAIXA 42L;CAIXA 42L SEM BERÇO;-90 C a -60 C;560535;AM;869170034885153;00019200000013440500;MultiModal;15/07/2026 23:22;17/07/2026 10:45;17/07/2026 12:29;15/07/2026 23:22;17/07/2026 12:30
CAIXA 42L;CAIXA 42L SEM BERÇO;-90 C a -60 C;560535;AM;869170034881269;00019200000013440519;MultiModal;15/07/2026 23:22;17/07/2026 10:45;17/07/2026 12:27;15/07/2026 23:23;17/07/2026 12:28
CAIXA 42L;CAIXA 42L SEM BERÇO;-90 C a -60 C;560535;AM;869170035512582;00019200000013440527;MultiModal;15/07/2026 23:22;17/07/2026 10:45;17/07/2026 12:29;15/07/2026 23:22;17/07/2026 12:30
CAIXA 42L;CAIXA 42L SEM BERÇO;-90 C a -60 C;560535;AM;869170034879222;00019200000013440535;MultiModal;15/07/2026 23:22;17/07/2026 10:45;17/07/2026 12:29;15/07/2026 23:22;17/07/2026 12:30
CAIXA 42L;CAIXA 42L SEM BERÇO;-90 C a -60 C;560535;AM;869170034872250;00019200000013440543;MultiModal;15/07/2026 23:22;17/07/2026 10:45;17/07/2026 12:29;15/07/2026 23:22;17/07/2026 12:30
CAIXA 42L;CAIXA 42L SEM BERÇO;-90 C a -60 C;560535;AM;869170034872755;00019200000013440551;MultiModal;15/07/2026 23:22;17/07/2026 10:45;17/07/2026 12:29;15/07/2026 23:22;17/07/2026 12:30
CAIXA 42L;CAIXA 42L SEM BERÇO;-90 C a -60 C;560535;AM;869170035510362;00019200000013440560;MultiModal;15/07/2026 23:22;17/07/2026 10:45;17/07/2026 12:27;15/07/2026 23:23;17/07/2026 12:28
CAIXA 42L;CAIXA 42L SEM BERÇO;-90 C a -60 C;560535;AM;869170034873480;00019200000013440578;MultiModal;15/07/2026 23:22;17/07/2026 10:45;17/07/2026 12:29;15/07/2026 23:22;17/07/2026 12:30
CAIXA 42L;CAIXA 42L SEM BERÇO;-90 C a -60 C;560535;AM;869170034871708;00019200000013440586;MultiModal;15/07/2026 23:22;17/07/2026 10:45;17/07/2026 12:29;15/07/2026 23:22;17/07/2026 12:30
CAIXA 42L;CAIXA 42L SEM BERÇO;-90 C a -60 C;560535;AM;869170034879586;00019200000013440594;MultiModal;15/07/2026 23:22;17/07/2026 10:45;17/07/2026 12:27;15/07/2026 23:23;17/07/2026 12:28
CAIXA 42L;CAIXA 42L SEM BERÇO;-90 C a -60 C;560535;AM;869170035501478;00019200000013440608;MultiModal;15/07/2026 23:22;17/07/2026 10:45;17/07/2026 12:27;15/07/2026 23:23;17/07/2026 12:28
CAIXA 42L;CAIXA 42L SEM BERÇO;-90 C a -60 C;560535;AM;869170035512814;00019200000013440616;MultiModal;15/07/2026 23:22;17/07/2026 10:45;17/07/2026 12:29;15/07/2026 23:22;17/07/2026 12:30
CAIXA 42L;CAIXA 42L SEM BERÇO;-90 C a -60 C;560535;AM;869170035520866;00019200000013440624;MultiModal;15/07/2026 23:22;17/07/2026 10:45;17/07/2026 12:27;15/07/2026 23:23;17/07/2026 12:28
CAIXA 42L;CAIXA 42L SEM BERÇO;-90 C a -60 C;560535;AM;869170034876806;00019200000013440632;MultiModal;15/07/2026 23:22;17/07/2026 10:45;17/07/2026 12:27;15/07/2026 23:23;17/07/2026 12:28
CAIXA 42L;CAIXA 42L SEM BERÇO;-90 C a -60 C;560535;AM;869170035518829;00019200000013440640;MultiModal;15/07/2026 23:22;17/07/2026 10:45;17/07/2026 12:27;15/07/2026 23:23;17/07/2026 12:28
CAIXA 42L;CAIXA 42L SEM BERÇO;-90 C a -60 C;560535;AM;869170035517805;00019200000013440659;MultiModal;15/07/2026 23:22;17/07/2026 10:45;17/07/2026 12:27;15/07/2026 23:23;17/07/2026 12:28
CAIXA 42L;CAIXA 42L SEM BERÇO;-90 C a -60 C;560535;AM;869170035504837;00019200000013440667;MultiModal;15/07/2026 23:22;17/07/2026 10:45;17/07/2026 12:29;15/07/2026 23:22;17/07/2026 12:30
CAIXA 42L;CAIXA 42L SEM BERÇO;-90 C a -60 C;560535;AM;869170034884081;00019200000013440675;MultiModal;15/07/2026 23:22;17/07/2026 10:45;17/07/2026 12:29;15/07/2026 23:22;17/07/2026 12:30
CAIXA 42L;CAIXA 42L SEM BERÇO;-35 C a -15 C;561858;AM;A5003;00019200000013456300;MultiModal;23/07/2026 03:44;24/07/2026 10:10;-;23/07/2026 04:34;24/07/2026 10:10
CAIXA 42L;CAIXA 42L SEM BERÇO;-30 C a -15 C;561858;AM;TA0326;00019200000013456318;MultiModal;23/07/2026 03:44;24/07/2026 10:10;-;23/07/2026 04:34;24/07/2026 10:10
CAIXA 42L;CAIXA 42L SEM BERÇO;-35 C a -15 C;560054;AP;A0189;00019200000013412841;MultiModal;09/07/2026 00:00;10/07/2026 12:06;-;09/07/2026 00:00;10/07/2026 12:06
CAIXA 42L;CAIXA 42L SEM BERÇO;-90 C a -60 C;560524;AP;AS-0628;00019200000013468618;MultiModal;20/07/2026 22:49;22/07/2026 16:46;-;20/07/2026 22:49;22/07/2026 16:46
CAIXA 42L;CAIXA 42L SEM BERÇO;-90 C a -60 C;560524;AP;AS-0762;00019200000013468871;MultiModal;20/07/2026 22:49;22/07/2026 16:46;-;20/07/2026 22:49;22/07/2026 16:46
CAIXA 42L;CAIXA 42L SEM BERÇO;-90 C a -60 C;560524;AP;AS-0785;00019200000013468880;MultiModal;20/07/2026 22:49;22/07/2026 16:46;-;20/07/2026 22:49;22/07/2026 16:46
CAIXA 42L;CAIXA 42L SEM BERÇO;-90 C a -60 C;560524;AP;AS-0583;00019200000013468898;MultiModal;20/07/2026 22:49;22/07/2026 16:46;-;20/07/2026 22:49;22/07/2026 16:46
CAIXA 42L;CAIXA 42L SEM BERÇO;-90 C a -60 C;560524;AP;AS-0433;00019200000013468901;MultiModal;20/07/2026 22:49;22/07/2026 16:46;-;20/07/2026 22:49;22/07/2026 16:46
CAIXA 42L;CAIXA 42L SEM BERÇO;-90 C a -60 C;560524;AP;AS-0172;00019200000013468910;MultiModal;20/07/2026 22:49;22/07/2026 16:46;-;20/07/2026 22:49;22/07/2026 16:46
CAIXA 42L;CAIXA 42L SEM BERÇO;-90 C a -60 C;560524;AP;AS-0615;00019200000013468928;MultiModal;20/07/2026 22:49;22/07/2026 16:46;-;20/07/2026 22:49;22/07/2026 16:46
CAIXA 42L;CAIXA 42L SEM BERÇO;-90 C a -60 C;560524;AP;AS-0138;00019200000013468936;MultiModal;20/07/2026 22:49;22/07/2026 16:46;-;20/07/2026 22:49;22/07/2026 16:46
CAIXA 42L;CAIXA 42L SEM BERÇO;-90 C a -60 C;560524;AP;AS-0676;00019200000013468944;MultiModal;20/07/2026 22:49;22/07/2026 16:46;-;20/07/2026 22:49;22/07/2026 16:46
CAIXA 42L;CAIXA 42L SEM BERÇO;-25 C a -15 C;560659;AP;TA0854;00019200000013469398;MultiModal;23/07/2026 00:25;24/07/2026 10:48;-;26/07/2026 23:51;28/07/2026 14:56
CAIXA 42L;CAIXA 42L SEM BERÇO;-25 C a -15 C;560056;BA;A3553;00019200000013412523;MultiModal;09/07/2026 04:39;10/07/2026 11:46;-;09/07/2026 04:39;10/07/2026 11:46
CAIXA 42L;CAIXA 42L SEM BERÇO;-35 C a -15 C;561632;BA;A6190;00019200000013467042;MultiModal;21/07/2026 04:14;22/07/2026 11:00;-;21/07/2026 04:14;22/07/2026 11:00
CAIXA 42L;CAIXA 42L SEM BERÇO;-35 C a -15 C;561632;BA;A7433;00019200000013467050;MultiModal;21/07/2026 04:14;22/07/2026 11:00;-;21/07/2026 04:14;22/07/2026 11:00
CAIXA 42L;CAIXA 42L SEM BERÇO;-25 C a -15 C;562751;BA;A8696;00019200000013823388;MultiModal;03/08/2026 03:56;-;-;03/08/2026 03:56;-
CAIXA 42L;CAIXA 42L SEM BERÇO;-30 C a -15 C;560058;CE;A4282;00019200000013409077;MultiModal;13/07/2026 06:07;14/07/2026 11:25;-;13/07/2026 06:07;14/07/2026 11:25
CAIXA 42L;CAIXA 42L SEM BERÇO;-25 C a -15 C;560058;CE;A8616;00019200000013409085;MultiModal;13/07/2026 06:07;14/07/2026 11:25;-;13/07/2026 06:07;14/07/2026 11:25
CAIXA 42L;CAIXA 42L SEM BERÇO;-30 C a -15 C;560058;CE;A5735;00019200000013409093;MultiModal;13/07/2026 06:07;14/07/2026 11:25;-;13/07/2026 06:07;14/07/2026 11:25
CAIXA 42L;CAIXA 42L SEM BERÇO;-35 C a -15 C;560058;CE;TA0504;00019200000013409107;MultiModal;13/07/2026 06:07;14/07/2026 11:25;-;13/07/2026 06:07;14/07/2026 11:25
CAIXA 42L;CAIXA 42L SEM BERÇO;-30 C a -15 C;560058;CE;A6008;00019200000013409190;MultiModal;13/07/2026 06:07;14/07/2026 11:25;-;13/07/2026 06:07;14/07/2026 11:25
CAIXA 42L;CAIXA 42L SEM BERÇO;-30 C a -15 C;560930;CE;A1853;00019200000013481479;MultiModal;15/07/2026 03:31;16/07/2026 14:00;-;15/07/2026 03:31;16/07/2026 14:00
CAIXA 42L;CAIXA 42L SEM BERÇO;-30 C a -15 C;560930;CE;TA0687;00019200000013481487;MultiModal;15/07/2026 03:31;16/07/2026 14:00;-;15/07/2026 03:31;16/07/2026 14:00
CAIXA 42L;CAIXA 42L SEM BERÇO;-85 C a -15 C;562773;CE;A8860;00019200000013730657;MultiModal;01/08/2026 16:41;03/08/2026 13:55;-;01/08/2026 16:41;03/08/2026 13:55
CAIXA 42L;CAIXA 42L SEM BERÇO;-25 C a -15 C;559786;DF;TA1206;00019200000013419013;MultiModal;07/07/2026 06:49;08/07/2026 11:11;08/07/2026 11:11;07/07/2026 06:49;08/07/2026 11:14
CAIXA 42L;CAIXA 42L SEM BERÇO;-35 C a -15 C;560061;DF;A9484;00019200000013409646;MultiModal;09/07/2026 05:47;10/07/2026 11:10;-;09/07/2026 05:47;10/07/2026 11:10
CAIXA 42L;CAIXA 42L SEM BERÇO;-30 C a -15 C;560061;DF;A1193;00019200000013409654;MultiModal;09/07/2026 05:47;10/07/2026 11:10;-;09/07/2026 05:47;10/07/2026 11:10
CAIXA 42L;CAIXA 42L SEM BERÇO;-35 C a -15 C;560061;DF;A5539;00019200000013409662;MultiModal;09/07/2026 05:47;10/07/2026 11:10;-;09/07/2026 05:47;10/07/2026 11:10
CAIXA 42L;CAIXA 42L SEM BERÇO;-30 C a -15 C;560061;DF;A8508;00019200000013409670;MultiModal;09/07/2026 05:47;10/07/2026 11:10;-;09/07/2026 05:47;10/07/2026 11:10
CAIXA 42L;CAIXA 42L SEM BERÇO;-90 C a -60 C;560528;DF;AS-0467;00019200000013697900;MultiModal;23/07/2026 16:18;27/07/2026 11:23;-;23/07/2026 16:18;27/07/2026 11:23
CAIXA 42L;CAIXA 42L SEM BERÇO;-90 C a -60 C;560528;DF;AS-0180;00019200000013697919;MultiModal;23/07/2026 16:18;27/07/2026 11:23;-;23/07/2026 16:18;27/07/2026 11:23
CAIXA 42L;CAIXA 42L SEM BERÇO;-90 C a -60 C;560528;DF;AS-0166;00019200000013697927;MultiModal;23/07/2026 16:18;27/07/2026 11:23;-;23/07/2026 16:18;27/07/2026 11:23
CAIXA 42L;CAIXA 42L SEM BERÇO;-90 C a -60 C;560528;DF;AS-0462;00019200000013697935;MultiModal;23/07/2026 16:18;27/07/2026 11:23;-;23/07/2026 16:18;27/07/2026 11:23
CAIXA 42L;CAIXA 42L SEM BERÇO;-90 C a -60 C;560528;DF;AS-0817;00019200000013697943;MultiModal;23/07/2026 16:18;27/07/2026 11:23;-;23/07/2026 16:18;27/07/2026 11:23
CAIXA 42L;CAIXA 42L SEM BERÇO;-90 C a -60 C;560528;DF;AS-0497;00019200000013697951;MultiModal;23/07/2026 16:18;27/07/2026 11:23;-;23/07/2026 16:18;27/07/2026 11:23
CAIXA 42L;CAIXA 42L SEM BERÇO;-90 C a -60 C;560528;DF;AS-0635;00019200000013697960;MultiModal;23/07/2026 16:18;27/07/2026 11:23;-;23/07/2026 16:18;27/07/2026 11:23
CAIXA 42L;CAIXA 42L SEM BERÇO;-90 C a -60 C;560528;DF;AS-0453;00019200000013697978;MultiModal;23/07/2026 16:18;27/07/2026 11:23;-;23/07/2026 16:18;27/07/2026 11:23
CAIXA 42L;CAIXA 42L SEM BERÇO;-90 C a -60 C;560528;DF;AS-0001;00019200000013697986;MultiModal;23/07/2026 16:18;27/07/2026 11:23;-;23/07/2026 16:18;27/07/2026 11:23
CAIXA 42L;CAIXA 42L SEM BERÇO;-90 C a -60 C;560528;DF;AS-0282;00019200000013697994;MultiModal;23/07/2026 16:18;27/07/2026 11:23;-;23/07/2026 16:18;27/07/2026 11:23
CAIXA 42L;CAIXA 42L SEM BERÇO;-90 C a -60 C;560528;DF;AS-0164;00019200000013698001;MultiModal;23/07/2026 16:18;27/07/2026 11:23;-;23/07/2026 16:18;27/07/2026 11:23
CAIXA 42L;CAIXA 42L SEM BERÇO;-90 C a -60 C;560528;DF;AS-0077;00019200000013698010;MultiModal;23/07/2026 16:18;27/07/2026 11:23;-;23/07/2026 16:18;27/07/2026 11:23
CAIXA 42L;CAIXA 42L SEM BERÇO;-90 C a -60 C;560528;DF;AS-0148;00019200000013698028;MultiModal;23/07/2026 16:18;27/07/2026 11:23;-;23/07/2026 16:18;27/07/2026 11:23
CAIXA 42L;CAIXA 42L SEM BERÇO;-90 C a -60 C;560528;DF;869170034872433;00019200000013698036;MultiModal;23/07/2026 16:18;27/07/2026 11:23;-;23/07/2026 16:18;27/07/2026 11:23
CAIXA 42L;CAIXA 42L SEM BERÇO;-25 C a -15 C;560698;DF;A5747;00019200000013471970;MultiModal;19/07/2026 04:13;20/07/2026 11:40;20/07/2026 10:27;19/07/2026 04:13;20/07/2026 11:43
CAIXA 42L;CAIXA 42L SEM BERÇO;-25 C a -15 C;559847;ES;A9667;00019200000013418602;MultiModal;07/07/2026 06:50;08/07/2026 14:55;-;07/07/2026 06:50;08/07/2026 14:55
CAIXA 42L;CAIXA 42L SEM BERÇO;-30 C a -15 C;559847;ES;A8223;00019200000013418629;MultiModal;07/07/2026 06:50;08/07/2026 14:55;-;07/07/2026 06:50;08/07/2026 14:55
CAIXA 42L;CAIXA 42L SEM BERÇO;-30 C a -15 C;559847;ES;A7131;00019200000013418661;MultiModal;07/07/2026 06:50;08/07/2026 14:55;-;07/07/2026 06:50;08/07/2026 14:55
CAIXA 42L;CAIXA 42L SEM BERÇO;-30 C a -15 C;560069;ES;A8729;00019200000013410482;MultiModal;09/07/2026 04:49;10/07/2026 14:00;-;09/07/2026 04:49;10/07/2026 14:00
CAIXA 42L;CAIXA 42L SEM BERÇO;-30 C a -15 C;560069;ES;TA0074;00019200000013410490;MultiModal;09/07/2026 04:49;10/07/2026 14:00;-;09/07/2026 04:49;10/07/2026 14:00
CAIXA 42L;CAIXA 42L SEM BERÇO;-30 C a -15 C;560069;ES;A9102;00019200000013410504;MultiModal;09/07/2026 04:49;10/07/2026 14:00;-;09/07/2026 04:49;10/07/2026 14:00
CAIXA 42L;CAIXA 42L SEM BERÇO;-35 C a -15 C;560069;ES;A6248;00019200000013410512;MultiModal;09/07/2026 04:49;10/07/2026 14:00;-;09/07/2026 04:49;10/07/2026 14:00
CAIXA 42L;CAIXA 42L SEM BERÇO;-25 C a -15 C;560069;ES;A5736;00019200000013410520;MultiModal;09/07/2026 04:49;10/07/2026 14:00;-;09/07/2026 04:49;10/07/2026 14:00
CAIXA 42L;CAIXA 42L SEM BERÇO;-90 C a -60 C;560529;ES;869170034878810;00019200000013698079;MultiModal;23/07/2026 16:19;24/07/2026 13:30;-;23/07/2026 16:19;24/07/2026 13:30
CAIXA 42L;CAIXA 42L SEM BERÇO;-90 C a -60 C;560529;ES;869170034882317;00019200000013698087;MultiModal;23/07/2026 16:19;24/07/2026 13:30;-;23/07/2026 16:19;24/07/2026 13:30
CAIXA 42L;CAIXA 42L SEM BERÇO;-90 C a -60 C;560529;ES;869170034873522;00019200000013698095;MultiModal;23/07/2026 16:19;24/07/2026 13:30;-;23/07/2026 16:19;24/07/2026 13:30
CAIXA 42L;CAIXA 42L SEM BERÇO;-90 C a -60 C;560529;ES;869170034885773;00019200000013698109;MultiModal;23/07/2026 16:19;24/07/2026 13:30;-;23/07/2026 16:19;24/07/2026 13:30
CAIXA 42L;CAIXA 42L SEM BERÇO;-90 C a -60 C;560529;ES;869170034886789;00019200000013698117;MultiModal;23/07/2026 16:19;24/07/2026 13:30;-;23/07/2026 16:19;24/07/2026 13:30
CAIXA 42L;CAIXA 42L SEM BERÇO;-90 C a -60 C;560529;ES;869170034884222;00019200000013698125;MultiModal;23/07/2026 16:19;24/07/2026 13:30;-;23/07/2026 16:19;24/07/2026 13:30
CAIXA 42L;CAIXA 42L SEM BERÇO;-25 C a -15 C;562754;ES;A5747;00019200000013823418;MultiModal;03/08/2026 04:07;-;-;03/08/2026 04:07;-
CAIXA 42L;CAIXA 42L SEM BERÇO;-30 C a -15 C;560077;GO;TA0895;00019200000013412850;MultiModal;09/07/2026 05:51;10/07/2026 15:51;-;09/07/2026 05:51;10/07/2026 15:51
CAIXA 42L;CAIXA 42L SEM BERÇO;-30 C a -15 C;560077;GO;A2980;00019200000013412884;MultiModal;09/07/2026 05:51;10/07/2026 15:51;-;09/07/2026 05:51;10/07/2026 15:51
CAIXA 42L;CAIXA 42L SEM BERÇO;-30 C a -15 C;560077;GO;A8281;00019200000013412892;MultiModal;09/07/2026 05:51;10/07/2026 15:51;-;09/07/2026 05:51;10/07/2026 15:51
CAIXA 42L;CAIXA 42L SEM BERÇO;-90 C a -60 C;560534;GO;869170035502823;00019200000013457250;MultiModal;22/07/2026 18:37;24/07/2026 15:39;-;22/07/2026 18:37;24/07/2026 10:30
CAIXA 42L;CAIXA 42L SEM BERÇO;-90 C a -60 C;560534;GO;869170034871666;00019200000013457268;MultiModal;22/07/2026 18:37;24/07/2026 15:39;-;22/07/2026 18:49;24/07/2026 15:00
CAIXA 42L;CAIXA 42L SEM BERÇO;-90 C a -60 C;560534;GO;869170035511394;00019200000013457276;MultiModal;22/07/2026 18:37;24/07/2026 15:39;-;22/07/2026 18:49;24/07/2026 15:00
CAIXA 42L;CAIXA 42L SEM BERÇO;-90 C a -60 C;560534;GO;869170034887449;00019200000013457284;MultiModal;22/07/2026 18:37;24/07/2026 15:39;-;22/07/2026 18:49;24/07/2026 15:00
CAIXA 42L;CAIXA 42L SEM BERÇO;-90 C a -60 C;560534;GO;869170034887373;00019200000013457292;MultiModal;22/07/2026 18:37;24/07/2026 15:39;-;22/07/2026 18:49;24/07/2026 15:00
CAIXA 42L;CAIXA 42L SEM BERÇO;-90 C a -60 C;560534;GO;869170034884032;00019200000013457306;MultiModal;22/07/2026 18:37;24/07/2026 15:39;-;22/07/2026 18:37;24/07/2026 10:30
CAIXA 42L;CAIXA 42L SEM BERÇO;-90 C a -60 C;560534;GO;869170034887761;00019200000013457314;MultiModal;22/07/2026 18:37;24/07/2026 15:39;-;22/07/2026 18:49;24/07/2026 15:00
CAIXA 42L;CAIXA 42L SEM BERÇO;-90 C a -60 C;560534;GO;869170035503680;00019200000013457322;MultiModal;22/07/2026 18:37;24/07/2026 15:39;-;22/07/2026 18:49;24/07/2026 15:00
CAIXA 42L;CAIXA 42L SEM BERÇO;-90 C a -60 C;560534;GO;869170035501585;00019200000013457330;MultiModal;22/07/2026 18:37;24/07/2026 15:39;-;22/07/2026 18:37;24/07/2026 10:30
CAIXA 42L;CAIXA 42L SEM BERÇO;-90 C a -60 C;560534;GO;869170034882598;00019200000013457349;MultiModal;22/07/2026 18:37;24/07/2026 15:39;-;22/07/2026 18:37;24/07/2026 10:30
CAIXA 42L;CAIXA 42L SEM BERÇO;-90 C a -60 C;560534;GO;AS-0132;00019200000013457357;MultiModal;22/07/2026 18:37;24/07/2026 15:39;-;22/07/2026 18:37;24/07/2026 10:30
CAIXA 42L;CAIXA 42L SEM BERÇO;-90 C a -60 C;560534;GO;AS-0259;00019200000013457365;MultiModal;22/07/2026 18:37;24/07/2026 15:39;-;22/07/2026 18:37;24/07/2026 10:30
CAIXA 42L;CAIXA 42L SEM BERÇO;-90 C a -60 C;560534;GO;AS-0851;00019200000013457373;MultiModal;22/07/2026 18:37;24/07/2026 15:39;-;22/07/2026 18:37;24/07/2026 10:30
CAIXA 42L;CAIXA 42L SEM BERÇO;-90 C a -60 C;560534;GO;AS-0912;00019200000013457381;MultiModal;22/07/2026 18:37;24/07/2026 15:39;-;22/07/2026 18:49;24/07/2026 15:00
CAIXA 42L;CAIXA 42L SEM BERÇO;-90 C a -60 C;560534;GO;AS-0933;00019200000013457390;MultiModal;22/07/2026 18:37;24/07/2026 15:39;-;22/07/2026 18:37;24/07/2026 10:30
CAIXA 42L;CAIXA 42L SEM BERÇO;-90 C a -60 C;560534;GO;AS-0564;00019200000013457403;MultiModal;22/07/2026 18:37;24/07/2026 15:39;-;22/07/2026 18:37;24/07/2026 10:30
CAIXA 42L;CAIXA 42L SEM BERÇO;-90 C a -60 C;560534;GO;AS-0826;00019200000013457411;MultiModal;22/07/2026 18:37;24/07/2026 15:39;-;22/07/2026 18:37;24/07/2026 10:30
CAIXA 42L;CAIXA 42L SEM BERÇO;-90 C a -60 C;560534;GO;AS-0113;00019200000013457420;MultiModal;22/07/2026 18:37;24/07/2026 15:39;-;22/07/2026 18:49;24/07/2026 15:00
CAIXA 42L;CAIXA 42L SEM BERÇO;-90 C a -60 C;560534;GO;AS-0545;00019200000013457438;MultiModal;22/07/2026 18:37;24/07/2026 15:39;-;22/07/2026 18:49;24/07/2026 15:00
CAIXA 42L;CAIXA 42L SEM BERÇO;-90 C a -60 C;560534;GO;AS-0095;00019200000013457446;MultiModal;22/07/2026 18:37;24/07/2026 15:39;-;22/07/2026 18:37;24/07/2026 10:30
CAIXA 42L;CAIXA 42L SEM BERÇO;-90 C a -60 C;560534;GO;AS-0481;00019200000013457454;MultiModal;22/07/2026 18:37;24/07/2026 15:39;-;22/07/2026 18:37;24/07/2026 10:30
CAIXA 42L;CAIXA 42L SEM BERÇO;-90 C a -60 C;560534;GO;AS-0878;00019200000013457462;MultiModal;22/07/2026 18:37;24/07/2026 15:39;-;22/07/2026 18:49;24/07/2026 15:00
CAIXA 42L;CAIXA 42L SEM BERÇO;-90 C a -60 C;560534;GO;869170034872110;00019200000013457667;MultiModal;22/07/2026 18:37;24/07/2026 15:39;-;22/07/2026 18:49;24/07/2026 15:00
CAIXA 42L;CAIXA 42L SEM BERÇO;-90 C a -60 C;560534;GO;869170035514208;00019200000013457675;MultiModal;22/07/2026 18:37;24/07/2026 15:39;-;22/07/2026 18:49;24/07/2026 15:00
CAIXA 42L;CAIXA 42L SEM BERÇO;-90 C a -60 C;560534;GO;AS-0804;00019200000013457683;MultiModal;22/07/2026 18:37;24/07/2026 15:39;-;22/07/2026 18:49;24/07/2026 15:00
CAIXA 42L;CAIXA 42L SEM BERÇO;-90 C a -60 C;560534;GO;AS-0716;00019200000013457691;MultiModal;22/07/2026 18:37;24/07/2026 15:39;-;22/07/2026 18:37;24/07/2026 10:30
CAIXA 42L;CAIXA 42L SEM BERÇO;-90 C a -60 C;560534;GO;AS-0102;00019200000013457705;MultiModal;22/07/2026 18:37;24/07/2026 15:39;-;22/07/2026 18:37;24/07/2026 10:30
CAIXA 42L;CAIXA 42L SEM BERÇO;-90 C a -60 C;560534;GO;AS-0655;00019200000013457713;MultiModal;22/07/2026 18:37;24/07/2026 15:39;-;22/07/2026 18:49;24/07/2026 15:00
CAIXA 42L;CAIXA 42L SEM BERÇO;-90 C a -60 C;560534;GO;AS-0182;00019200000013457721;MultiModal;22/07/2026 18:37;24/07/2026 15:39;-;22/07/2026 18:37;24/07/2026 10:30
CAIXA 42L;CAIXA 42L SEM BERÇO;-90 C a -60 C;560534;GO;AS-0073;00019200000013457730;MultiModal;22/07/2026 18:37;24/07/2026 15:39;-;22/07/2026 18:49;24/07/2026 15:00
CAIXA 42L;CAIXA 42L SEM BERÇO;-90 C a -60 C;560534;GO;AS-0781;00019200000013457748;MultiModal;22/07/2026 18:37;24/07/2026 15:39;-;22/07/2026 18:37;24/07/2026 10:30
CAIXA 42L;CAIXA 42L SEM BERÇO;-25 C a -15 C;560716;GO;TA0030;00019200000013466135;MultiModal;21/07/2026 04:57;23/07/2026 11:33;-;21/07/2026 04:57;23/07/2026 11:33
CAIXA 42L;CAIXA 42L SEM BERÇO;-15 C a -30 C;561932;GO;A8366;00019200000013456296;MultiModal;23/07/2026 03:48;27/07/2026 16:02;-;23/07/2026 03:48;27/07/2026 16:02
CAIXA 42L;CAIXA 42L SEM BERÇO;-25 C a -15 C;562760;GO;A1646;00019200000013788400;MultiModal;03/08/2026 03:55;04/08/2026 09:53;04/08/2026 09:53;03/08/2026 03:55;04/08/2026 10:12
CAIXA 42L;CAIXA 42L SEM BERÇO;-30 C a -15 C;560073;MA;A9318;00019200000013411098;MultiModal;13/07/2026 05:05;14/07/2026 08:00;-;13/07/2026 05:05;14/07/2026 08:00
CAIXA 42L;CAIXA 42L SEM BERÇO;-35 C a -15 C;560073;MA;TA0476;00019200000013411101;MultiModal;13/07/2026 05:05;14/07/2026 08:00;-;13/07/2026 05:05;14/07/2026 08:00
CAIXA 42L;CAIXA 42L SEM BERÇO;-25 C a -15 C;560073;MA;A8961;00019200000013411110;MultiModal;13/07/2026 05:05;14/07/2026 08:00;-;13/07/2026 05:05;14/07/2026 08:00
CAIXA 42L;CAIXA 42L SEM BERÇO;-90 C a -60 C;560537;MA;869170034885153;00019200000013695436;MultiModal;24/07/2026 00:47;25/07/2026 11:00;-;27/07/2026 23:11;30/07/2026 16:00
CAIXA 42L;CAIXA 42L SEM BERÇO;-90 C a -60 C;560537;MA;AS-0442;00019200000013695444;MultiModal;24/07/2026 00:47;25/07/2026 11:00;-;24/07/2026 00:47;25/07/2026 11:00
CAIXA 42L;CAIXA 42L SEM BERÇO;-90 C a -60 C;560537;MA;AS-0376;00019200000013695452;MultiModal;24/07/2026 00:47;25/07/2026 11:00;-;24/07/2026 00:47;25/07/2026 11:00
CAIXA 42L;CAIXA 42L SEM BERÇO;-90 C a -60 C;560537;MA;AS-0559;00019200000013695460;MultiModal;24/07/2026 00:47;25/07/2026 11:00;-;24/07/2026 00:47;25/07/2026 11:00
CAIXA 42L;CAIXA 42L SEM BERÇO;-90 C a -60 C;560537;MA;AS-0171;00019200000013695479;MultiModal;24/07/2026 00:47;25/07/2026 11:00;-;27/07/2026 23:11;30/07/2026 16:00
CAIXA 42L;CAIXA 42L SEM BERÇO;-90 C a -60 C;560537;MA;AS-0229;00019200000013695487;MultiModal;24/07/2026 00:47;25/07/2026 11:00;-;24/07/2026 00:47;25/07/2026 11:00
CAIXA 42L;CAIXA 42L SEM BERÇO;-90 C a -60 C;560537;MA;869170035518399;00019200000013695495;MultiModal;24/07/2026 00:47;25/07/2026 11:00;-;24/07/2026 00:47;25/07/2026 11:00
CAIXA 42L;CAIXA 42L SEM BERÇO;-90 C a -60 C;560537;MA;869170035491506;00019200000013695509;MultiModal;24/07/2026 00:47;25/07/2026 11:00;-;24/07/2026 00:47;25/07/2026 11:00
CAIXA 42L;CAIXA 42L SEM BERÇO;-90 C a -60 C;560537;MA;869170034880766;00019200000013695517;MultiModal;24/07/2026 00:47;25/07/2026 11:00;-;24/07/2026 00:47;25/07/2026 11:00
CAIXA 42L;CAIXA 42L SEM BERÇO;-90 C a -60 C;560537;MA;869170034875469;00019200000013695525;MultiModal;24/07/2026 00:47;25/07/2026 11:00;-;24/07/2026 00:47;25/07/2026 11:00
CAIXA 42L;CAIXA 42L SEM BERÇO;-90 C a -60 C;560537;MA;869170034884719;00019200000013695533;MultiModal;24/07/2026 00:47;25/07/2026 11:00;-;24/07/2026 00:47;25/07/2026 11:00
CAIXA 42L;CAIXA 42L SEM BERÇO;-90 C a -60 C;560537;MA;869170034882887;00019200000013695541;MultiModal;24/07/2026 00:47;25/07/2026 11:00;-;24/07/2026 00:47;25/07/2026 11:00
CAIXA 42L;CAIXA 42L SEM BERÇO;-90 C a -60 C;560537;MA;869170034872987;00019200000013695550;MultiModal;24/07/2026 00:47;25/07/2026 11:00;-;27/07/2026 23:11;30/07/2026 16:00
CAIXA 42L;CAIXA 42L SEM BERÇO;-90 C a -60 C;560537;MA;300070;00019200000013695568;MultiModal;24/07/2026 00:47;25/07/2026 11:00;-;27/07/2026 23:11;30/07/2026 16:00
CAIXA 42L;CAIXA 42L SEM BERÇO;-90 C a -60 C;560537;MA;300030;00019200000013695576;MultiModal;24/07/2026 00:47;25/07/2026 11:00;-;27/07/2026 23:11;30/07/2026 16:00
CAIXA 42L;CAIXA 42L SEM BERÇO;-90 C a -60 C;560537;MA;300063;00019200000013695584;MultiModal;24/07/2026 00:47;25/07/2026 11:00;-;27/07/2026 23:11;30/07/2026 16:00
CAIXA 42L;CAIXA 42L SEM BERÇO;-90 C a -60 C;560537;MA;869170034884081;00019200000013695592;MultiModal;24/07/2026 00:47;25/07/2026 11:00;-;27/07/2026 23:11;30/07/2026 16:00
CAIXA 42L;CAIXA 42L SEM BERÇO;-90 C a -60 C;560537;MA;S-152;00019200000013695606;MultiModal;24/07/2026 00:47;25/07/2026 11:00;-;27/07/2026 23:11;30/07/2026 16:00
CAIXA 42L;CAIXA 42L SEM BERÇO;-90 C a -60 C;560537;MA;300184;00019200000013695614;MultiModal;24/07/2026 00:47;25/07/2026 11:00;-;27/07/2026 23:11;30/07/2026 16:00
CAIXA 42L;CAIXA 42L SEM BERÇO;-90 C a -60 C;560537;MA;AS-0673;00019200000013695622;MultiModal;24/07/2026 00:47;25/07/2026 11:00;-;27/07/2026 23:11;30/07/2026 16:00
CAIXA 42L;CAIXA 42L SEM BERÇO;-90 C a -60 C;560537;MA;300171;00019200000013695630;MultiModal;24/07/2026 00:47;25/07/2026 11:00;-;27/07/2026 23:11;30/07/2026 16:00
CAIXA 42L;CAIXA 42L SEM BERÇO;-25 C a -15 C;559662;MG;TA0811;00019200000013452835;MultiModal;16/07/2026 03:17;17/07/2026 13:04;17/07/2026 13:04;16/07/2026 03:17;17/07/2026 13:06
CAIXA 42L;CAIXA 42L SEM BERÇO;-25 C a -15 C;559662;MG;TA0060;00019200000013452843;MultiModal;16/07/2026 03:17;17/07/2026 13:04;17/07/2026 13:04;16/07/2026 03:17;17/07/2026 13:06
CAIXA 42L;CAIXA 42L SEM BERÇO;-25 C a -15 C;559794;MG;A9206;00019200000013419005;MultiModal;07/07/2026 06:50;08/07/2026 11:24;08/07/2026 11:24;07/07/2026 06:50;08/07/2026 11:28
CAIXA 42L;CAIXA 42L SEM BERÇO;-30 C a -15 C;560099;MG;A9455;00019200000013488775;MultiModal;13/07/2026 06:42;14/07/2026 11:21;14/07/2026 11:23;13/07/2026 06:42;14/07/2026 11:24
CAIXA 42L;CAIXA 42L SEM BERÇO;-30 C a -15 C;560099;MG;A4176;00019200000013488783;MultiModal;13/07/2026 06:42;14/07/2026 11:21;14/07/2026 11:23;13/07/2026 06:42;14/07/2026 11:24
CAIXA 42L;CAIXA 42L SEM BERÇO;-30 C a -15 C;560099;MG;A5504;00019200000013488791;MultiModal;13/07/2026 06:42;14/07/2026 11:21;14/07/2026 11:23;13/07/2026 06:42;14/07/2026 11:24
CAIXA 42L;CAIXA 42L SEM BERÇO;-35 C a -15 C;560099;MG;A4135;00019200000013488805;MultiModal;13/07/2026 06:42;14/07/2026 11:21;14/07/2026 11:23;13/07/2026 06:42;14/07/2026 11:24
CAIXA 42L;CAIXA 42L SEM BERÇO;-35 C a -15 C;560108;MS;A9645;00019200000013412671;MultiModal;13/07/2026 05:02;14/07/2026 15:00;-;13/07/2026 05:02;14/07/2026 15:00
CAIXA 42L;CAIXA 42L SEM BERÇO;-90 C a -60 C;560539;MS;869170035496273;00019200000013698133;MultiModal;23/07/2026 16:19;24/07/2026 14:00;-;23/07/2026 16:19;24/07/2026 14:00
CAIXA 42L;CAIXA 42L SEM BERÇO;-90 C a -60 C;560539;MS;869170034878976;00019200000013698141;MultiModal;23/07/2026 16:19;24/07/2026 14:00;-;23/07/2026 16:19;24/07/2026 14:00
CAIXA 42L;CAIXA 42L SEM BERÇO;-90 C a -60 C;560539;MS;869170034890062;00019200000013698150;MultiModal;23/07/2026 16:19;24/07/2026 14:00;-;23/07/2026 16:19;24/07/2026 14:00
CAIXA 42L;CAIXA 42L SEM BERÇO;-90 C a -60 C;560539;MS;869170034888744;00019200000013698168;MultiModal;23/07/2026 16:19;24/07/2026 14:00;-;23/07/2026 16:19;24/07/2026 14:00
CAIXA 42L;CAIXA 42L SEM BERÇO;-90 C a -60 C;560539;MS;869170035508457;00019200000013698176;MultiModal;23/07/2026 16:19;24/07/2026 14:00;-;23/07/2026 16:19;24/07/2026 14:00
CAIXA 42L;CAIXA 42L SEM BERÇO;-90 C a -60 C;560539;MS;869170035518407;00019200000013698184;MultiModal;23/07/2026 16:19;24/07/2026 14:00;-;23/07/2026 16:19;24/07/2026 14:00
CAIXA 42L;CAIXA 42L SEM BERÇO;-90 C a -60 C;560539;MS;869170034884396;00019200000013698192;MultiModal;23/07/2026 16:19;24/07/2026 14:00;-;23/07/2026 16:19;24/07/2026 14:00
CAIXA 42L;CAIXA 42L SEM BERÇO;-90 C a -60 C;560539;MS;869170034885807;00019200000013698206;MultiModal;23/07/2026 16:19;24/07/2026 14:00;-;23/07/2026 16:19;24/07/2026 14:00
CAIXA 42L;CAIXA 42L SEM BERÇO;-25 C a -15 C;560662;MS;A8102;00019200000013460412;MultiModal;23/07/2026 00:33;24/07/2026 14:00;-;23/07/2026 08:06;24/07/2026 14:00
CAIXA 42L;CAIXA 42L SEM BERÇO;-30 C a -15 C;560105;MT;A6280;00019200000013488368;MultiModal;13/07/2026 05:02;14/07/2026 10:30;-;13/07/2026 05:02;14/07/2026 10:30
CAIXA 42L;CAIXA 42L SEM BERÇO;-90 C a -60 C;560538;MT;869170034876285;00019200000013457470;MultiModal;22/07/2026 18:09;24/07/2026 10:10;-;22/07/2026 18:09;24/07/2026 10:35
CAIXA 42L;CAIXA 42L SEM BERÇO;-90 C a -60 C;560538;MT;869170035513416;00019200000013457489;MultiModal;22/07/2026 18:09;24/07/2026 10:10;-;22/07/2026 18:18;24/07/2026 10:10
CAIXA 42L;CAIXA 42L SEM BERÇO;-90 C a -60 C;560538;MT;869170035502211;00019200000013457497;MultiModal;22/07/2026 18:09;24/07/2026 10:10;-;22/07/2026 18:18;24/07/2026 10:10
CAIXA 42L;CAIXA 42L SEM BERÇO;-90 C a -60 C;560538;MT;869170034884255;00019200000013457500;MultiModal;22/07/2026 18:09;24/07/2026 10:10;-;22/07/2026 18:09;24/07/2026 10:35
CAIXA 42L;CAIXA 42L SEM BERÇO;-90 C a -60 C;560538;MT;869170034874660;00019200000013457519;MultiModal;22/07/2026 18:09;24/07/2026 10:10;-;22/07/2026 18:18;24/07/2026 10:10
CAIXA 42L;CAIXA 42L SEM BERÇO;-90 C a -60 C;560538;MT;869170034882861;00019200000013457527;MultiModal;22/07/2026 18:09;24/07/2026 10:10;-;22/07/2026 18:18;24/07/2026 10:10
CAIXA 42L;CAIXA 42L SEM BERÇO;-90 C a -60 C;560538;MT;869170034890369;00019200000013457535;MultiModal;22/07/2026 18:09;24/07/2026 10:10;-;22/07/2026 18:18;24/07/2026 10:10
CAIXA 42L;CAIXA 42L SEM BERÇO;-90 C a -60 C;560538;MT;869170035511634;00019200000013457543;MultiModal;22/07/2026 18:09;24/07/2026 10:10;-;22/07/2026 18:18;24/07/2026 10:10
CAIXA 42L;CAIXA 42L SEM BERÇO;-90 C a -60 C;560538;MT;869170035510313;00019200000013457551;MultiModal;22/07/2026 18:09;24/07/2026 10:10;-;22/07/2026 18:09;24/07/2026 10:35
CAIXA 42L;CAIXA 42L SEM BERÇO;-90 C a -60 C;560538;MT;869170035511345;00019200000013457560;MultiModal;22/07/2026 18:09;24/07/2026 10:10;-;22/07/2026 18:09;24/07/2026 10:35
CAIXA 42L;CAIXA 42L SEM BERÇO;-90 C a -60 C;560538;MT;869170035494781;00019200000013457578;MultiModal;22/07/2026 18:09;24/07/2026 10:10;-;22/07/2026 18:09;24/07/2026 10:35
CAIXA 42L;CAIXA 42L SEM BERÇO;-90 C a -60 C;560538;MT;869170034874363;00019200000013457586;MultiModal;22/07/2026 18:09;24/07/2026 10:10;-;22/07/2026 18:18;24/07/2026 10:10
CAIXA 42L;CAIXA 42L SEM BERÇO;-90 C a -60 C;560538;MT;869170034876020;00019200000013457594;MultiModal;22/07/2026 18:09;24/07/2026 10:10;-;22/07/2026 18:09;24/07/2026 10:35
CAIXA 42L;CAIXA 42L SEM BERÇO;-90 C a -60 C;560538;MT;869170035502815;00019200000013457608;MultiModal;22/07/2026 18:09;24/07/2026 10:10;-;22/07/2026 18:09;24/07/2026 10:35
CAIXA 42L;CAIXA 42L SEM BERÇO;-90 C a -60 C;560538;MT;869170035503748;00019200000013457616;MultiModal;22/07/2026 18:09;24/07/2026 10:10;-;22/07/2026 18:09;24/07/2026 10:35
CAIXA 42L;CAIXA 42L SEM BERÇO;-90 C a -60 C;560538;MT;869170034877341;00019200000013457624;MultiModal;22/07/2026 18:09;24/07/2026 10:10;-;22/07/2026 18:18;24/07/2026 10:10
CAIXA 42L;CAIXA 42L SEM BERÇO;-90 C a -60 C;560538;MT;869170034878968;00019200000013457632;MultiModal;22/07/2026 18:09;24/07/2026 10:10;-;22/07/2026 18:09;24/07/2026 10:35
CAIXA 42L;CAIXA 42L SEM BERÇO;-90 C a -60 C;560538;MT;869170035501593;00019200000013457640;MultiModal;22/07/2026 18:09;24/07/2026 10:10;-;22/07/2026 18:18;24/07/2026 10:10
CAIXA 42L;CAIXA 42L SEM BERÇO;-90 C a -60 C;560538;MT;869170034874280;00019200000013457659;MultiModal;22/07/2026 18:09;24/07/2026 10:10;-;22/07/2026 18:09;24/07/2026 10:35
CAIXA 42L;CAIXA 42L SEM BERÇO;-90 C a -60 C;557482;PA;869170034885807;00019200000013418319;MultiModal;07/07/2026 02:30;12/07/2026 07:00;-;07/07/2026 02:30;12/07/2026 07:00
CAIXA 42L;CAIXA 42L SEM BERÇO;-90 C a -60 C;557482;PA;869170034875469;00019200000013418327;MultiModal;07/07/2026 02:30;12/07/2026 07:00;-;07/07/2026 02:30;12/07/2026 07:00
CAIXA 42L;CAIXA 42L SEM BERÇO;-90 C a -60 C;557482;PA;869170034879339;00019200000013418335;MultiModal;07/07/2026 02:30;12/07/2026 07:00;-;07/07/2026 02:30;12/07/2026 07:00
CAIXA 42L;CAIXA 42L SEM BERÇO;-90 C a -60 C;557482;PA;869170035518407;00019200000013418343;MultiModal;07/07/2026 02:30;12/07/2026 07:00;-;07/07/2026 02:30;12/07/2026 07:00
CAIXA 42L;CAIXA 42L SEM BERÇO;-90 C a -60 C;557482;PA;869170035509083;00019200000013418351;MultiModal;07/07/2026 02:30;12/07/2026 07:00;-;07/07/2026 02:30;12/07/2026 07:00
CAIXA 42L;CAIXA 42L SEM BERÇO;-90 C a -60 C;557482;PA;869170034886235;00019200000013418378;MultiModal;07/07/2026 02:30;12/07/2026 07:00;-;07/07/2026 02:30;12/07/2026 07:00
CAIXA 42L;CAIXA 42L SEM BERÇO;-90 C a -60 C;557482;PA;869170034881749;00019200000013418386;MultiModal;07/07/2026 02:30;12/07/2026 07:00;-;07/07/2026 02:30;12/07/2026 07:00
CAIXA 42L;CAIXA 42L SEM BERÇO;-90 C a -60 C;557482;PA;869170034872896;00019200000013418394;MultiModal;07/07/2026 02:30;12/07/2026 07:00;-;07/07/2026 02:30;12/07/2026 07:00
CAIXA 42L;CAIXA 42L SEM BERÇO;-90 C a -60 C;557482;PA;869170034883687;00019200000013418408;MultiModal;07/07/2026 02:30;12/07/2026 07:00;-;07/07/2026 02:30;12/07/2026 07:00
CAIXA 42L;CAIXA 42L SEM BERÇO;-90 C a -60 C;557482;PA;869170034881004;00019200000013418416;MultiModal;07/07/2026 02:30;12/07/2026 07:00;-;07/07/2026 02:30;12/07/2026 07:00
CAIXA 42L;CAIXA 42L SEM BERÇO;-90 C a -60 C;557482;PA;869170035502203;00019200000013418424;MultiModal;07/07/2026 02:30;12/07/2026 07:00;-;07/07/2026 02:30;12/07/2026 07:00
CAIXA 42L;CAIXA 42L SEM BERÇO;-90 C a -60 C;557482;PA;869170034886243;00019200000013418432;MultiModal;07/07/2026 02:30;12/07/2026 07:00;-;07/07/2026 02:30;12/07/2026 07:00
CAIXA 42L;CAIXA 42L SEM BERÇO;-90 C a -60 C;557482;PA;869170034886110;00019200000013418440;MultiModal;07/07/2026 02:30;12/07/2026 07:00;-;07/07/2026 02:30;12/07/2026 07:00
CAIXA 42L;CAIXA 42L SEM BERÇO;-90 C a -60 C;557482;PA;869170034882887;00019200000013418459;MultiModal;07/07/2026 02:30;12/07/2026 07:00;-;07/07/2026 02:30;12/07/2026 07:00
CAIXA 42L;CAIXA 42L SEM BERÇO;-90 C a -60 C;557482;PA;869170035519132;00019200000013418467;MultiModal;07/07/2026 02:30;12/07/2026 07:00;-;07/07/2026 02:30;12/07/2026 07:00
CAIXA 42L;CAIXA 42L SEM BERÇO;-90 C a -60 C;557482;PA;869170035503680;00019200000013418475;MultiModal;07/07/2026 02:30;12/07/2026 07:00;-;07/07/2026 02:30;12/07/2026 07:00
CAIXA 42L;CAIXA 42L SEM BERÇO;-90 C a -60 C;557482;PA;869170034884719;00019200000013418483;MultiModal;07/07/2026 02:30;12/07/2026 07:00;-;07/07/2026 02:30;12/07/2026 07:00
CAIXA 42L;CAIXA 42L SEM BERÇO;-90 C a -60 C;557482;PA;869170035496273;00019200000013418491;MultiModal;07/07/2026 02:30;12/07/2026 07:00;-;07/07/2026 02:30;12/07/2026 07:00
CAIXA 42L;CAIXA 42L SEM BERÇO;-90 C a -60 C;557482;PA;869170034890062;00019200000013418505;MultiModal;07/07/2026 02:30;12/07/2026 07:00;-;07/07/2026 02:30;12/07/2026 07:00
CAIXA 42L;CAIXA 42L SEM BERÇO;-90 C a -60 C;557482;PA;869170034887373;00019200000013418513;MultiModal;07/07/2026 02:30;12/07/2026 07:00;-;07/07/2026 02:30;12/07/2026 07:00
CAIXA 42L;CAIXA 42L SEM BERÇO;-90 C a -60 C;557482;PA;869170034885799;00019200000013418521;MultiModal;07/07/2026 02:30;12/07/2026 07:00;-;07/07/2026 02:30;12/07/2026 07:00
CAIXA 42L;CAIXA 42L SEM BERÇO;-90 C a -60 C;557482;PA;869170034889734;00019200000013418530;MultiModal;07/07/2026 02:30;12/07/2026 07:00;-;07/07/2026 02:30;12/07/2026 07:00
CAIXA 42L;CAIXA 42L SEM BERÇO;-90 C a -60 C;557482;PA;869170034881103;00019200000013418548;MultiModal;07/07/2026 02:30;12/07/2026 07:00;-;07/07/2026 02:30;12/07/2026 07:00
CAIXA 42L;CAIXA 42L SEM BERÇO;-90 C a -60 C;557482;PA;869170034873043;00019200000013418556;MultiModal;07/07/2026 02:30;12/07/2026 07:00;-;07/07/2026 02:30;12/07/2026 07:00
CAIXA 42L;CAIXA 42L SEM BERÇO;-90 C a -60 C;557482;PA;869170034887332;00019200000013418572;MultiModal;07/07/2026 02:30;12/07/2026 07:00;-;07/07/2026 02:30;12/07/2026 07:00
CAIXA 42L;CAIXA 42L SEM BERÇO;-90 C a -60 C;557482;PA;869170035510388;00019200000013418580;MultiModal;07/07/2026 02:30;12/07/2026 07:00;-;07/07/2026 02:30;12/07/2026 07:00
CAIXA 42L;CAIXA 42L SEM BERÇO;-90 C a -60 C;557482;PA;869170035491506;00019200000013418599;MultiModal;07/07/2026 02:30;12/07/2026 07:00;-;07/07/2026 02:30;12/07/2026 07:00
CAIXA 42L;CAIXA 42L SEM BERÇO;-90 C a -60 C;557482;PA;869170034879321;00019200000013418688;MultiModal;07/07/2026 02:30;12/07/2026 07:00;-;07/07/2026 02:30;12/07/2026 07:00
CAIXA 42L;CAIXA 42L SEM BERÇO;-90 C a -60 C;557482;PA;869170035512772;00019200000013418696;MultiModal;07/07/2026 02:30;12/07/2026 07:00;-;07/07/2026 02:30;12/07/2026 07:00
CAIXA 42L;CAIXA 42L SEM BERÇO;-25 C a -15 C;559799;PA;A2249;00019200000013418998;MultiModal;07/07/2026 01:04;08/07/2026 18:00;-;07/07/2026 01:04;08/07/2026 18:00
CAIXA 42L;CAIXA 42L SEM BERÇO;-30 C a -15 C;560103;PA;A9090;00019200000013410415;MultiModal;08/07/2026 23:59;10/07/2026 11:16;-;08/07/2026 23:59;10/07/2026 11:16
CAIXA 42L;CAIXA 42L SEM BERÇO;-25 C a -15 C;560103;PA;A4965;00019200000013410423;MultiModal;08/07/2026 23:59;10/07/2026 11:16;-;08/07/2026 23:59;10/07/2026 11:16
CAIXA 42L;CAIXA 42L SEM BERÇO;-30 C a -15 C;560114;PA;A6466;00019200000013414240;MultiModal;08/07/2026 06:02;09/07/2026 10:00;-;08/07/2026 06:02;09/07/2026 10:00
CAIXA 42L;CAIXA 42L SEM BERÇO;-25 C a -15 C;560695;PA;A1766;00019200000013475630;MultiModal;19/07/2026 03:54;20/07/2026 18:00;-;19/07/2026 03:54;20/07/2026 18:00
CAIXA 42L;CAIXA 42L SEM BERÇO;-30 C a -15 C;561585;PA;A3733;00019200000013467280;MultiModal;20/07/2026 23:43;22/07/2026 16:18;-;20/07/2026 23:43;22/07/2026 16:18
CAIXA 42L;CAIXA 42L SEM BERÇO;-15 C a -30 C;561954;PA;A8062;00019200000013456377;MultiModal;22/07/2026 22:58;24/07/2026 16:15;-;22/07/2026 22:58;24/07/2026 16:15
CAIXA 42L;CAIXA 42L SEM BERÇO;-30 C a -15 C;562209;PA;A3072;00019200000013778315;MultiModal;28/07/2026 01:48;29/07/2026 15:00;-;28/07/2026 01:48;29/07/2026 15:00
CAIXA 42L;CAIXA 42L SEM BERÇO;-35 C a -15 C;562231;PA;A7887;00019200000013778307;MultiModal;28/07/2026 01:48;29/07/2026 15:00;-;28/07/2026 01:48;29/07/2026 15:00
CAIXA 42L;CAIXA 42L SEM BERÇO;-25 C a -15 C;559803;PB;A3841;00019200000013419412;MultiModal;07/07/2026 00:57;08/07/2026 12:08;-;07/07/2026 00:57;08/07/2026 12:08
CAIXA 42L;CAIXA 42L SEM BERÇO;-35 C a -15 C;560101;PB;A5908;00019200000013412493;MultiModal;09/07/2026 04:24;10/07/2026 14:51;-;09/07/2026 04:24;10/07/2026 14:51
CAIXA 42L;CAIXA 42L SEM BERÇO;-30 C a -15 C;560101;PB;A3802;00019200000013412507;MultiModal;09/07/2026 04:24;10/07/2026 14:51;-;09/07/2026 04:24;10/07/2026 14:51
CAIXA 42L;CAIXA 42L SEM BERÇO;-30 C a -15 C;560101;PB;A1004;00019200000013412604;MultiModal;09/07/2026 04:24;10/07/2026 14:51;-;09/07/2026 04:24;10/07/2026 14:51
CAIXA 42L;CAIXA 42L SEM BERÇO;-25 C a -15 C;560361;PB;A5378;00019200000013491539;MultiModal;13/07/2026 01:35;14/07/2026 08:15;-;13/07/2026 01:44;14/07/2026 08:15
CAIXA 42L;CAIXA 42L SEM BERÇO;-90 C a -60 C;560547;PB;300043;00019200000013778617;MultiModal;27/07/2026 22:39;29/07/2026 10:30;-;27/07/2026 22:39;29/07/2026 10:30
CAIXA 42L;CAIXA 42L SEM BERÇO;-90 C a -60 C;560547;PB;300213;00019200000013778684;MultiModal;27/07/2026 22:39;29/07/2026 10:30;-;27/07/2026 22:39;29/07/2026 10:30
CAIXA 42L;CAIXA 42L SEM BERÇO;-90 C a -60 C;560547;PB;300102;00019200000013778765;MultiModal;27/07/2026 22:39;29/07/2026 10:30;-;27/07/2026 22:39;29/07/2026 10:30
CAIXA 42L;CAIXA 42L SEM BERÇO;-90 C a -60 C;560547;PB;300064;00019200000013778773;MultiModal;27/07/2026 22:39;29/07/2026 10:30;-;27/07/2026 22:39;29/07/2026 10:30
CAIXA 42L;CAIXA 42L SEM BERÇO;-90 C a -60 C;560547;PB;300076;00019200000013778781;MultiModal;27/07/2026 22:39;29/07/2026 10:30;-;27/07/2026 22:39;29/07/2026 10:30
CAIXA 42L;CAIXA 42L SEM BERÇO;-90 C a -60 C;560547;PB;300004;00019200000013778790;MultiModal;27/07/2026 22:39;29/07/2026 10:30;-;27/07/2026 22:39;29/07/2026 10:30
CAIXA 42L;CAIXA 42L SEM BERÇO;-90 C a -60 C;560547;PB;300001;00019200000013778803;MultiModal;27/07/2026 22:39;29/07/2026 10:30;-;27/07/2026 22:39;29/07/2026 10:30
CAIXA 42L;CAIXA 42L SEM BERÇO;-90 C a -60 C;560547;PB;300202;00019200000013778811;MultiModal;27/07/2026 22:39;29/07/2026 10:30;-;27/07/2026 22:39;29/07/2026 10:30
CAIXA 42L;CAIXA 42L SEM BERÇO;-90 C a -60 C;560547;PB;300187;00019200000013778820;MultiModal;27/07/2026 22:39;29/07/2026 10:30;-;27/07/2026 22:39;29/07/2026 10:30
CAIXA 42L;CAIXA 42L SEM BERÇO;-90 C a -60 C;560547;PB;300062;00019200000013778838;MultiModal;27/07/2026 22:39;29/07/2026 10:30;-;27/07/2026 23:12;29/07/2026 10:30
CAIXA 42L;CAIXA 42L SEM BERÇO;-90 C a -60 C;560547;PB;300036;00019200000013778846;MultiModal;27/07/2026 22:39;29/07/2026 10:30;-;27/07/2026 22:39;29/07/2026 10:30
CAIXA 42L;CAIXA 42L SEM BERÇO;-90 C a -60 C;560547;PB;300040;00019200000013778854;MultiModal;27/07/2026 22:39;29/07/2026 10:30;-;27/07/2026 22:39;29/07/2026 10:30
CAIXA 42L;CAIXA 42L SEM BERÇO;-90 C a -60 C;560547;PB;300005;00019200000013778862;MultiModal;27/07/2026 22:39;29/07/2026 10:30;-;27/07/2026 22:39;29/07/2026 10:30
CAIXA 42L;CAIXA 42L SEM BERÇO;-90 C a -60 C;560547;PB;869170035502617;00019200000013778870;MultiModal;27/07/2026 22:39;29/07/2026 10:30;-;27/07/2026 22:39;29/07/2026 10:30
CAIXA 42L;CAIXA 42L SEM BERÇO;-90 C a -60 C;560547;PB;300032;00019200000013778889;MultiModal;27/07/2026 22:39;29/07/2026 10:30;-;27/07/2026 23:12;29/07/2026 10:30
CAIXA 42L;CAIXA 42L SEM BERÇO;-90 C a -60 C;560547;PB;300052;00019200000013778897;MultiModal;27/07/2026 22:39;29/07/2026 10:30;-;27/07/2026 23:12;29/07/2026 10:30
CAIXA 42L;CAIXA 42L SEM BERÇO;-90 C a -60 C;560547;PB;869170035508382;00019200000013778900;MultiModal;27/07/2026 22:39;29/07/2026 10:30;-;27/07/2026 23:12;29/07/2026 10:30
CAIXA 42L;CAIXA 42L SEM BERÇO;-90 C a -60 C;560547;PB;869170034872755;00019200000013778927;MultiModal;27/07/2026 22:39;29/07/2026 10:30;-;27/07/2026 23:12;29/07/2026 10:30
CAIXA 42L;CAIXA 42L SEM BERÇO;-90 C a -60 C;560547;PB;869170034879222;00019200000013778935;MultiModal;27/07/2026 22:39;29/07/2026 10:30;-;27/07/2026 23:12;29/07/2026 10:30
CAIXA 42L;CAIXA 42L SEM BERÇO;-90 C a -60 C;560547;PB;869170034883687;00019200000013778943;MultiModal;27/07/2026 22:39;29/07/2026 10:30;-;27/07/2026 23:12;29/07/2026 10:30
CAIXA 42L;CAIXA 42L SEM BERÇO;-90 C a -60 C;560547;PB;869170035512814;00019200000013778960;MultiModal;27/07/2026 22:39;29/07/2026 10:30;-;27/07/2026 23:12;29/07/2026 10:30
CAIXA 42L;CAIXA 42L SEM BERÇO;-90 C a -60 C;560547;PB;869170034885120;00019200000013778978;MultiModal;27/07/2026 22:39;29/07/2026 10:30;-;27/07/2026 22:39;29/07/2026 10:30
CAIXA 42L;CAIXA 42L SEM BERÇO;-90 C a -60 C;560547;PB;AS-0226;00019200000013778986;MultiModal;27/07/2026 22:39;29/07/2026 10:30;-;27/07/2026 23:12;29/07/2026 10:30
CAIXA 42L;CAIXA 42L SEM BERÇO;-90 C a -60 C;560547;PB;869170035502047;00019200000013778994;MultiModal;27/07/2026 22:39;29/07/2026 10:30;-;27/07/2026 23:12;29/07/2026 10:30
CAIXA 42L;CAIXA 42L SEM BERÇO;-90 C a -60 C;560547;PB;869170034879586;00019200000013779001;MultiModal;27/07/2026 22:39;29/07/2026 10:30;-;27/07/2026 23:12;29/07/2026 10:30
CAIXA 42L;CAIXA 42L SEM BERÇO;-90 C a -60 C;560547;PB;AS-0154;00019200000013779010;MultiModal;27/07/2026 22:39;29/07/2026 10:30;-;27/07/2026 23:12;29/07/2026 10:30
CAIXA 42L;CAIXA 42L SEM BERÇO;-90 C a -60 C;560547;PB;869170035517805;00019200000013779028;MultiModal;27/07/2026 22:39;29/07/2026 10:30;-;27/07/2026 23:12;29/07/2026 10:30
CAIXA 42L;CAIXA 42L SEM BERÇO;-90 C a -60 C;560547;PB;S-406;00019200000013779036;MultiModal;27/07/2026 22:39;29/07/2026 10:30;-;27/07/2026 23:12;29/07/2026 10:30
CAIXA 42L;CAIXA 42L SEM BERÇO;-90 C a -60 C;560547;PB;869170035511337;00019200000013779044;MultiModal;27/07/2026 22:39;29/07/2026 10:30;-;27/07/2026 23:12;29/07/2026 10:30
CAIXA 42L;CAIXA 42L SEM BERÇO;-90 C a -60 C;560547;PB;300011;00019200000013779052;MultiModal;27/07/2026 22:39;29/07/2026 10:30;-;27/07/2026 22:39;29/07/2026 10:30
CAIXA 42L;CAIXA 42L SEM BERÇO;-25 C a -15 C;560710;PB;A8480;00019200000013462040;MultiModal;21/07/2026 22:27;23/07/2026 11:50;-;21/07/2026 22:27;23/07/2026 11:50
CAIXA 42L;CAIXA 42L SEM BERÇO;-25 C a -15 C;561250;PB;TA1209;00019200000013473751;MultiModal;20/07/2026 06:01;21/07/2026 12:50;-;20/07/2026 06:01;21/07/2026 12:50
CAIXA 42L;CAIXA 42L SEM BERÇO;-35 C a -15 C;560063;PE;A7319;00019200000013408798;MultiModal;08/07/2026 06:03;13/07/2026 13:00;-;08/07/2026 06:03;13/07/2026 13:00
CAIXA 42L;CAIXA 42L SEM BERÇO;-30 C a -15 C;560063;PE;A3588;00019200000013408801;MultiModal;08/07/2026 06:03;13/07/2026 13:00;-;08/07/2026 06:03;13/07/2026 13:00
CAIXA 42L;CAIXA 42L SEM BERÇO;-30 C a -15 C;560063;PE;A8080;00019200000013408810;MultiModal;08/07/2026 06:03;13/07/2026 13:00;-;08/07/2026 06:03;13/07/2026 13:00
CAIXA 42L;CAIXA 42L SEM BERÇO;-25 C a -15 C;560357;PE;A5027;00019200000013491547;MultiModal;13/07/2026 05:02;15/07/2026 11:48;-;13/07/2026 05:02;15/07/2026 11:48
CAIXA 42L;CAIXA 42L SEM BERÇO;-90 C a -60 C;560555;PE;AS-0628;00019200000013836471;MultiModal;03/08/2026 04:11;04/08/2026 15:18;04/08/2026 15:18;03/08/2026 04:11;04/08/2026 15:25
CAIXA 42L;CAIXA 42L SEM BERÇO;-90 C a -60 C;560555;PE;AS-0623;00019200000013836480;MultiModal;03/08/2026 04:11;04/08/2026 15:18;04/08/2026 15:18;03/08/2026 04:11;04/08/2026 15:25
CAIXA 42L;CAIXA 42L SEM BERÇO;-90 C a -60 C;560555;PE;AS-0564;00019200000013836501;MultiModal;03/08/2026 04:11;04/08/2026 15:18;04/08/2026 15:18;03/08/2026 04:11;04/08/2026 15:25
CAIXA 42L;CAIXA 42L SEM BERÇO;-90 C a -60 C;560555;PE;AS-0060;00019200000013836510;MultiModal;03/08/2026 04:11;04/08/2026 15:18;04/08/2026 15:18;03/08/2026 04:11;04/08/2026 15:25
CAIXA 42L;CAIXA 42L SEM BERÇO;-90 C a -60 C;560555;PE;AS-0148;00019200000013836528;MultiModal;03/08/2026 04:11;04/08/2026 15:18;04/08/2026 15:18;03/08/2026 04:11;04/08/2026 15:25
CAIXA 42L;CAIXA 42L SEM BERÇO;-90 C a -60 C;560555;PE;AS-0781;00019200000013836536;MultiModal;03/08/2026 04:11;04/08/2026 15:18;04/08/2026 15:22;03/08/2026 04:11;04/08/2026 15:29
CAIXA 42L;CAIXA 42L SEM BERÇO;-90 C a -60 C;560555;PE;AS-0583;00019200000013836544;MultiModal;03/08/2026 04:11;04/08/2026 15:18;04/08/2026 15:22;03/08/2026 04:11;04/08/2026 15:29
CAIXA 42L;CAIXA 42L SEM BERÇO;-90 C a -60 C;560555;PE;AS-0433;00019200000013836552;MultiModal;03/08/2026 04:11;04/08/2026 15:18;04/08/2026 15:22;03/08/2026 04:11;04/08/2026 15:29
CAIXA 42L;CAIXA 42L SEM BERÇO;-90 C a -60 C;560555;PE;AS-0065;00019200000013836560;MultiModal;03/08/2026 04:11;04/08/2026 15:18;04/08/2026 15:22;03/08/2026 04:11;04/08/2026 15:29
CAIXA 42L;CAIXA 42L SEM BERÇO;-90 C a -60 C;560555;PE;AS-0785;00019200000013836579;MultiModal;03/08/2026 04:11;04/08/2026 15:18;04/08/2026 15:18;03/08/2026 04:11;04/08/2026 15:25
CAIXA 42L;CAIXA 42L SEM BERÇO;-90 C a -60 C;560555;PE;AS-0453;00019200000013836587;MultiModal;03/08/2026 04:11;04/08/2026 15:18;04/08/2026 15:18;03/08/2026 04:11;04/08/2026 15:25
CAIXA 42L;CAIXA 42L SEM BERÇO;-90 C a -60 C;560555;PE;AS-0164;00019200000013836595;MultiModal;03/08/2026 04:11;04/08/2026 15:18;04/08/2026 15:18;03/08/2026 04:11;04/08/2026 15:25
CAIXA 42L;CAIXA 42L SEM BERÇO;-90 C a -60 C;560555;PE;AS-0102;00019200000013836609;MultiModal;03/08/2026 04:11;04/08/2026 15:18;04/08/2026 15:22;03/08/2026 04:11;04/08/2026 15:29
CAIXA 42L;CAIXA 42L SEM BERÇO;-90 C a -60 C;560555;PE;AS-0180;00019200000013836617;MultiModal;03/08/2026 04:11;04/08/2026 15:18;04/08/2026 15:22;03/08/2026 04:11;04/08/2026 15:29
CAIXA 42L;CAIXA 42L SEM BERÇO;-90 C a -60 C;560555;PE;AS-0467;00019200000013836625;MultiModal;03/08/2026 04:11;04/08/2026 15:18;04/08/2026 15:22;03/08/2026 04:11;04/08/2026 15:29
CAIXA 42L;CAIXA 42L SEM BERÇO;-90 C a -60 C;560555;PE;AS-0762;00019200000013836633;MultiModal;03/08/2026 04:11;04/08/2026 15:18;04/08/2026 15:22;03/08/2026 04:11;04/08/2026 15:29
CAIXA 42L;CAIXA 42L SEM BERÇO;-90 C a -60 C;560555;PE;AS-0077;00019200000013836641;MultiModal;03/08/2026 04:11;04/08/2026 15:18;04/08/2026 15:22;03/08/2026 04:11;04/08/2026 15:29
CAIXA 42L;CAIXA 42L SEM BERÇO;-90 C a -60 C;560555;PE;AS-0545;00019200000013836650;MultiModal;03/08/2026 04:11;04/08/2026 15:18;04/08/2026 15:22;03/08/2026 04:11;04/08/2026 15:29
CAIXA 42L;CAIXA 42L SEM BERÇO;-90 C a -60 C;560555;PE;AS-0073;00019200000013836668;MultiModal;03/08/2026 04:11;04/08/2026 15:18;04/08/2026 15:18;03/08/2026 04:11;04/08/2026 15:25
CAIXA 42L;CAIXA 42L SEM BERÇO;-90 C a -60 C;560555;PE;AS-0826;00019200000013836676;MultiModal;03/08/2026 04:11;04/08/2026 15:18;04/08/2026 15:22;03/08/2026 04:11;04/08/2026 15:29
CAIXA 42L;CAIXA 42L SEM BERÇO;-90 C a -60 C;560555;PE;AS-0676;00019200000013836684;MultiModal;03/08/2026 04:11;04/08/2026 15:18;04/08/2026 15:18;03/08/2026 04:11;04/08/2026 15:25
CAIXA 42L;CAIXA 42L SEM BERÇO;-90 C a -60 C;560555;PE;AS-0469;00019200000013836692;MultiModal;03/08/2026 04:11;04/08/2026 15:18;04/08/2026 15:18;03/08/2026 04:11;04/08/2026 15:25
CAIXA 42L;CAIXA 42L SEM BERÇO;-90 C a -60 C;560555;PE;AS-0481;00019200000013836706;MultiModal;03/08/2026 04:11;04/08/2026 15:18;04/08/2026 15:22;03/08/2026 04:11;04/08/2026 15:29
CAIXA 42L;CAIXA 42L SEM BERÇO;-90 C a -60 C;560555;PE;AS-0615;00019200000013836714;MultiModal;03/08/2026 04:11;04/08/2026 15:18;04/08/2026 15:18;03/08/2026 04:11;04/08/2026 15:25
CAIXA 42L;CAIXA 42L SEM BERÇO;-90 C a -60 C;560555;PE;AS-0166;00019200000013836722;MultiModal;03/08/2026 04:11;04/08/2026 15:18;04/08/2026 15:18;03/08/2026 04:11;04/08/2026 15:25
CAIXA 42L;CAIXA 42L SEM BERÇO;-90 C a -60 C;560555;PE;AS-0866;00019200000013836730;MultiModal;03/08/2026 04:11;04/08/2026 15:18;04/08/2026 15:18;03/08/2026 04:11;04/08/2026 15:25
CAIXA 42L;CAIXA 42L SEM BERÇO;-90 C a -60 C;560555;PE;AS-0804;00019200000013836749;MultiModal;03/08/2026 04:11;04/08/2026 15:18;04/08/2026 15:22;03/08/2026 04:11;04/08/2026 15:29
CAIXA 42L;CAIXA 42L SEM BERÇO;-90 C a -60 C;560555;PE;AS-0835;00019200000013836757;MultiModal;03/08/2026 04:11;04/08/2026 15:18;04/08/2026 15:18;03/08/2026 04:11;04/08/2026 15:25
CAIXA 42L;CAIXA 42L SEM BERÇO;-90 C a -60 C;560555;PE;AS-0446;00019200000013836765;MultiModal;03/08/2026 04:11;04/08/2026 15:18;04/08/2026 15:22;03/08/2026 04:11;04/08/2026 15:29
CAIXA 42L;CAIXA 42L SEM BERÇO;-90 C a -60 C;560555;PE;AS-0138;00019200000013836773;MultiModal;03/08/2026 04:11;04/08/2026 15:18;04/08/2026 15:22;03/08/2026 04:11;04/08/2026 15:29
CAIXA 42L;CAIXA 42L SEM BERÇO;-90 C a -60 C;560555;PE;AS-0114;00019200000013837125;MultiModal;03/08/2026 04:11;04/08/2026 15:18;04/08/2026 15:18;03/08/2026 04:11;04/08/2026 15:25
CAIXA 42L;CAIXA 42L SEM BERÇO;-90 C a -60 C;560555;PE;AS-0172;00019200000013837133;MultiModal;03/08/2026 04:11;04/08/2026 15:18;04/08/2026 15:22;03/08/2026 04:11;04/08/2026 15:29
CAIXA 42L;CAIXA 42L SEM BERÇO;-90 C a -60 C;560555;PE;869170034882366;00019200000013837141;MultiModal;03/08/2026 04:11;04/08/2026 15:18;04/08/2026 15:18;03/08/2026 04:11;04/08/2026 15:25
CAIXA 42L;CAIXA 42L SEM BERÇO;-90 C a -60 C;560555;PE;AS-0655;00019200000013837150;MultiModal;03/08/2026 04:11;04/08/2026 15:18;04/08/2026 15:18;03/08/2026 04:11;04/08/2026 15:25
CAIXA 42L;CAIXA 42L SEM BERÇO;-90 C a -60 C;560555;PE;AS-0878;00019200000013837168;MultiModal;03/08/2026 04:11;04/08/2026 15:18;04/08/2026 15:22;03/08/2026 04:11;04/08/2026 15:29
CAIXA 42L;CAIXA 42L SEM BERÇO;-90 C a -60 C;560555;PE;AS-0933;00019200000013837176;MultiModal;03/08/2026 04:11;04/08/2026 15:18;04/08/2026 15:22;03/08/2026 04:11;04/08/2026 15:29
CAIXA 42L;CAIXA 42L SEM BERÇO;-90 C a -60 C;560555;PE;AS-0817;00019200000013837184;MultiModal;03/08/2026 04:11;04/08/2026 15:18;04/08/2026 15:18;03/08/2026 04:11;04/08/2026 15:25
CAIXA 42L;CAIXA 42L SEM BERÇO;-25 C a -15 C;560795;PE;A5579;00019200000013445014;MultiModal;14/07/2026 04:19;15/07/2026 16:40;-;14/07/2026 04:19;15/07/2026 16:40
CAIXA 42L;CAIXA 42L SEM BERÇO;-35 C a -15 C;560051;PI;A6124;00019200000013410652;MultiModal;09/07/2026 01:14;10/07/2026 10:30;-;09/07/2026 01:14;10/07/2026 10:30
CAIXA 42L;CAIXA 42L SEM BERÇO;-90 C a -60 C;560559;PI;869170035513507;00019200000013456970;MultiModal;22/07/2026 18:11;24/07/2026 12:00;-;22/07/2026 18:24;24/07/2026 12:00
CAIXA 42L;CAIXA 42L SEM BERÇO;-90 C a -60 C;560559;PI;869170034878521;00019200000013456989;MultiModal;22/07/2026 18:11;24/07/2026 12:00;-;22/07/2026 18:24;24/07/2026 12:00
CAIXA 42L;CAIXA 42L SEM BERÇO;-90 C a -60 C;560559;PI;869170034879289;00019200000013456997;MultiModal;22/07/2026 18:11;24/07/2026 12:00;-;22/07/2026 18:24;24/07/2026 12:00
CAIXA 42L;CAIXA 42L SEM BERÇO;-90 C a -60 C;560559;PI;869170034879602;00019200000013457004;MultiModal;22/07/2026 18:11;24/07/2026 12:00;-;22/07/2026 18:24;24/07/2026 12:00
CAIXA 42L;CAIXA 42L SEM BERÇO;-90 C a -60 C;560559;PI;869170035519066;00019200000013457012;MultiModal;22/07/2026 18:11;24/07/2026 12:00;-;22/07/2026 18:11;24/07/2026 12:00
CAIXA 42L;CAIXA 42L SEM BERÇO;-90 C a -60 C;560559;PI;869170034874272;00019200000013457020;MultiModal;22/07/2026 18:11;24/07/2026 12:00;-;22/07/2026 18:24;24/07/2026 12:00
CAIXA 42L;CAIXA 42L SEM BERÇO;-90 C a -60 C;560559;PI;869170034884248;00019200000013457039;MultiModal;22/07/2026 18:11;24/07/2026 12:00;-;22/07/2026 18:24;24/07/2026 12:00
CAIXA 42L;CAIXA 42L SEM BERÇO;-90 C a -60 C;560559;PI;869170035518597;00019200000013457047;MultiModal;22/07/2026 18:11;24/07/2026 12:00;-;22/07/2026 18:24;24/07/2026 12:00
CAIXA 42L;CAIXA 42L SEM BERÇO;-90 C a -60 C;560559;PI;869170035517797;00019200000013457055;MultiModal;22/07/2026 18:11;24/07/2026 12:00;-;22/07/2026 18:11;24/07/2026 12:00
CAIXA 42L;CAIXA 42L SEM BERÇO;-90 C a -60 C;560559;PI;869170035510180;00019200000013457063;MultiModal;22/07/2026 18:11;24/07/2026 12:00;-;22/07/2026 18:11;24/07/2026 12:00
CAIXA 42L;CAIXA 42L SEM BERÇO;-90 C a -60 C;560559;PI;869170034879644;00019200000013457071;MultiModal;22/07/2026 18:11;24/07/2026 12:00;-;22/07/2026 18:11;24/07/2026 12:00
CAIXA 42L;CAIXA 42L SEM BERÇO;-90 C a -60 C;560559;PI;869170034875006;00019200000013457080;MultiModal;22/07/2026 18:11;24/07/2026 12:00;-;22/07/2026 18:11;24/07/2026 12:00
CAIXA 42L;CAIXA 42L SEM BERÇO;-90 C a -60 C;560559;PI;869170034882572;00019200000013457098;MultiModal;22/07/2026 18:11;24/07/2026 12:00;-;22/07/2026 18:11;24/07/2026 12:00
CAIXA 42L;CAIXA 42L SEM BERÇO;-90 C a -60 C;560559;PI;AS-0756;00019200000013457101;MultiModal;22/07/2026 18:11;24/07/2026 12:00;-;22/07/2026 18:11;24/07/2026 12:00
CAIXA 42L;CAIXA 42L SEM BERÇO;-90 C a -60 C;560559;PI;AS-0934;00019200000013457110;MultiModal;22/07/2026 18:11;24/07/2026 12:00;-;22/07/2026 18:24;24/07/2026 12:00
CAIXA 42L;CAIXA 42L SEM BERÇO;-90 C a -60 C;560559;PI;AS-0736;00019200000013457128;MultiModal;22/07/2026 18:11;24/07/2026 12:00;-;22/07/2026 18:24;24/07/2026 12:00
CAIXA 42L;CAIXA 42L SEM BERÇO;-90 C a -60 C;560559;PI;869170034880170;00019200000013457136;MultiModal;22/07/2026 18:11;24/07/2026 12:00;-;22/07/2026 18:24;24/07/2026 12:00
CAIXA 42L;CAIXA 42L SEM BERÇO;-90 C a -60 C;560559;PI;AS-0035;00019200000013457144;MultiModal;22/07/2026 18:11;24/07/2026 12:00;-;22/07/2026 18:24;24/07/2026 12:00
CAIXA 42L;CAIXA 42L SEM BERÇO;-90 C a -60 C;560559;PI;869170035512699;00019200000013457152;MultiModal;22/07/2026 18:11;24/07/2026 12:00;-;22/07/2026 18:24;24/07/2026 12:00
CAIXA 42L;CAIXA 42L SEM BERÇO;-90 C a -60 C;560559;PI;869170035506253;00019200000013457160;MultiModal;22/07/2026 18:11;24/07/2026 12:00;-;22/07/2026 18:24;24/07/2026 12:00
CAIXA 42L;CAIXA 42L SEM BERÇO;-90 C a -60 C;560559;PI;869170034888066;00019200000013457179;MultiModal;22/07/2026 18:11;24/07/2026 12:00;-;22/07/2026 18:24;24/07/2026 12:00
CAIXA 42L;CAIXA 42L SEM BERÇO;-90 C a -60 C;560559;PI;869170034876228;00019200000013457187;MultiModal;22/07/2026 18:11;24/07/2026 12:00;-;22/07/2026 18:11;24/07/2026 12:00
CAIXA 42L;CAIXA 42L SEM BERÇO;-90 C a -60 C;560559;PI;869170034877861;00019200000013457195;MultiModal;22/07/2026 18:11;24/07/2026 12:00;-;22/07/2026 18:11;24/07/2026 12:00
CAIXA 42L;CAIXA 42L SEM BERÇO;-90 C a -60 C;560559;PI;869170034884677;00019200000013457209;MultiModal;22/07/2026 18:11;24/07/2026 12:00;-;22/07/2026 18:11;24/07/2026 12:00
CAIXA 42L;CAIXA 42L SEM BERÇO;-90 C a -60 C;560559;PI;869170034878802;00019200000013457217;MultiModal;22/07/2026 18:11;24/07/2026 12:00;-;22/07/2026 18:11;24/07/2026 12:00
CAIXA 42L;CAIXA 42L SEM BERÇO;-90 C a -60 C;560559;PI;869170034871989;00019200000013457225;MultiModal;22/07/2026 18:11;24/07/2026 12:00;-;22/07/2026 18:11;24/07/2026 12:00
CAIXA 42L;CAIXA 42L SEM BERÇO;-90 C a -60 C;560559;PI;869170034880758;00019200000013457233;MultiModal;22/07/2026 18:11;24/07/2026 12:00;-;22/07/2026 18:11;24/07/2026 12:00
CAIXA 42L;CAIXA 42L SEM BERÇO;-90 C a -60 C;560559;PI;869170035502807;00019200000013457241;MultiModal;22/07/2026 18:11;24/07/2026 12:00;-;22/07/2026 18:11;24/07/2026 12:00
CAIXA 42L;CAIXA 42L SEM BERÇO;-30 C a -15 C;560047;PR;TA1041;00019200000013412680;MultiModal;09/07/2026 04:58;10/07/2026 17:52;-;09/07/2026 04:58;10/07/2026 17:52
CAIXA 42L;CAIXA 42L SEM BERÇO;-30 C a -15 C;560049;PR;A3027;00019200000013412612;MultiModal;09/07/2026 04:58;10/07/2026 18:57;-;09/07/2026 04:58;10/07/2026 18:57
CAIXA 42L;CAIXA 42L SEM BERÇO;-90 C a -60 C;20260958;RJ;869170034885674;00019200000013422766;MultiModal;03/07/2026 02:12;03/07/2026 17:56;-;03/07/2026 02:12;03/07/2026 17:56
CAIXA 42L;CAIXA 42L SEM BERÇO;-30 C a -15 C;560041;RJ;A3922;00019200000013414259;MultiModal;08/07/2026 09:58;09/07/2026 15:20;-;08/07/2026 09:58;09/07/2026 15:20
CAIXA 42L;CAIXA 42L SEM BERÇO;-35 C a -15 C;560044;RJ;TA0160;00019200000013409603;MultiModal;09/07/2026 04:51;10/07/2026 13:30;-;09/07/2026 04:51;10/07/2026 13:30
CAIXA 42L;CAIXA 42L SEM BERÇO;-30 C a -15 C;560044;RJ;A4253;00019200000013409620;MultiModal;09/07/2026 04:51;10/07/2026 13:30;-;09/07/2026 04:51;10/07/2026 13:30
CAIXA 42L;CAIXA 42L SEM BERÇO;-30 C a -15 C;560044;RJ;A6811;00019200000013409638;MultiModal;09/07/2026 04:51;10/07/2026 13:30;-;09/07/2026 04:51;10/07/2026 13:30
CAIXA 42L;CAIXA 42L SEM BERÇO;-35 C a -15 C;562261;RJ;A3676;00019200000013778277;MultiModal;28/07/2026 03:41;29/07/2026 12:00;-;28/07/2026 03:41;29/07/2026 12:00
CAIXA 42L;CAIXA 42L SEM BERÇO;-35 C a -15 C;562261;RJ;A8624;00019200000013778285;MultiModal;28/07/2026 03:41;29/07/2026 12:00;-;28/07/2026 03:41;29/07/2026 12:00
CAIXA 42L;CAIXA 42L SEM BERÇO;-30 C a -15 C;562577;RJ;TA0260;00019200000013824139;MultiModal;29/07/2026 22:57;31/07/2026 10:40;31/07/2026 12:47;29/07/2026 22:57;31/07/2026 12:58
CAIXA 42L;CAIXA 42L SEM BERÇO;-25 C a -15 C;563281;RJ;A7797;00019200000013863886;MultiModal;04/08/2026 23:26;-;-;04/08/2026 23:26;-
CAIXA 42L;CAIXA 42L SEM BERÇO;-15 C a -30 C;563282;RJ;A2995;00019200000013863878;MultiModal;04/08/2026 23:30;-;-;04/08/2026 23:30;-
CAIXA 42L;CAIXA 42L SEM BERÇO;-90 C a -60 C;557493;RN;AS-0511;00019200000013252739;MultiModal;01/07/2026 01:19;03/07/2026 15:30;-;01/07/2026 01:19;03/07/2026 15:30
CAIXA 42L;CAIXA 42L SEM BERÇO;-90 C a -60 C;557493;RN;AS-0615;00019200000013252747;MultiModal;01/07/2026 01:19;03/07/2026 15:30;-;01/07/2026 01:19;03/07/2026 15:30
CAIXA 42L;CAIXA 42L SEM BERÇO;-90 C a -60 C;557493;RN;AS-0425;00019200000013252755;MultiModal;01/07/2026 01:19;03/07/2026 15:30;-;01/07/2026 01:19;03/07/2026 15:30
CAIXA 42L;CAIXA 42L SEM BERÇO;-90 C a -60 C;557493;RN;AS-0138;00019200000013252763;MultiModal;01/07/2026 01:19;03/07/2026 15:30;-;01/07/2026 01:19;03/07/2026 15:30
CAIXA 42L;CAIXA 42L SEM BERÇO;-90 C a -60 C;557493;RN;AS-0245;00019200000013252771;MultiModal;01/07/2026 01:19;03/07/2026 15:30;-;01/07/2026 01:19;03/07/2026 15:30
CAIXA 42L;CAIXA 42L SEM BERÇO;-90 C a -60 C;557493;RN;AS-0762;00019200000013252780;MultiModal;01/07/2026 01:19;03/07/2026 15:30;-;01/07/2026 01:19;03/07/2026 15:30
CAIXA 42L;CAIXA 42L SEM BERÇO;-90 C a -60 C;557493;RN;AS-0462;00019200000013252798;MultiModal;01/07/2026 01:19;03/07/2026 15:30;-;01/07/2026 01:19;03/07/2026 15:30
CAIXA 42L;CAIXA 42L SEM BERÇO;-90 C a -60 C;557493;RN;AS-0702;00019200000013252801;MultiModal;01/07/2026 01:19;03/07/2026 15:30;-;01/07/2026 01:19;03/07/2026 15:30
CAIXA 42L;CAIXA 42L SEM BERÇO;-90 C a -60 C;557493;RN;AS-0513;00019200000013254510;MultiModal;01/07/2026 01:19;03/07/2026 15:30;-;01/07/2026 01:19;03/07/2026 15:30
CAIXA 42L;CAIXA 42L SEM BERÇO;-90 C a -60 C;557493;RN;AS-0172;00019200000013254529;MultiModal;01/07/2026 01:19;03/07/2026 15:30;-;01/07/2026 01:19;03/07/2026 15:30
CAIXA 42L;CAIXA 42L SEM BERÇO;-90 C a -60 C;557493;RN;AS-0019;00019200000013429450;MultiModal;01/07/2026 01:19;03/07/2026 15:30;-;01/07/2026 01:19;03/07/2026 15:30
CAIXA 42L;CAIXA 42L SEM BERÇO;-90 C a -60 C;557493;RN;AS-0426;00019200000013429469;MultiModal;01/07/2026 01:19;03/07/2026 15:30;-;01/07/2026 01:19;03/07/2026 15:30
CAIXA 42L;CAIXA 42L SEM BERÇO;-90 C a -60 C;557493;RN;AS-0699;00019200000013429477;MultiModal;01/07/2026 01:19;03/07/2026 15:30;-;01/07/2026 01:19;03/07/2026 15:30
CAIXA 42L;CAIXA 42L SEM BERÇO;-90 C a -60 C;557493;RN;AS-0376;00019200000013429485;MultiModal;01/07/2026 01:19;03/07/2026 15:30;-;01/07/2026 01:19;03/07/2026 15:30
CAIXA 42L;CAIXA 42L SEM BERÇO;-90 C a -60 C;557493;RN;AS-0683;00019200000013429493;MultiModal;01/07/2026 01:19;03/07/2026 15:30;-;01/07/2026 01:19;03/07/2026 15:30
CAIXA 42L;CAIXA 42L SEM BERÇO;-90 C a -60 C;557493;RN;AS-0078;00019200000013429507;MultiModal;01/07/2026 01:19;03/07/2026 15:30;-;01/07/2026 01:19;03/07/2026 15:30
CAIXA 42L;CAIXA 42L SEM BERÇO;-90 C a -60 C;557493;RN;AS-0077;00019200000013429515;MultiModal;01/07/2026 01:19;03/07/2026 15:30;-;01/07/2026 01:19;03/07/2026 15:30
CAIXA 42L;CAIXA 42L SEM BERÇO;-90 C a -60 C;557493;RN;AS-0499;00019200000013429523;MultiModal;01/07/2026 01:19;03/07/2026 15:30;-;01/07/2026 01:19;03/07/2026 15:30
CAIXA 42L;CAIXA 42L SEM BERÇO;-90 C a -60 C;557493;RN;AS-0518;00019200000013429531;MultiModal;01/07/2026 01:19;03/07/2026 15:30;-;01/07/2026 01:19;03/07/2026 15:30
CAIXA 42L;CAIXA 42L SEM BERÇO;-90 C a -60 C;557493;RN;AS-0494;00019200000013429540;MultiModal;01/07/2026 01:19;03/07/2026 15:30;-;01/07/2026 01:19;03/07/2026 15:30
CAIXA 42L;CAIXA 42L SEM BERÇO;-90 C a -60 C;557493;RN;AS-0269;00019200000013429558;MultiModal;01/07/2026 01:19;03/07/2026 15:30;-;01/07/2026 01:19;03/07/2026 15:30
CAIXA 42L;CAIXA 42L SEM BERÇO;-90 C a -60 C;557493;RN;AS-0201;00019200000013429566;MultiModal;01/07/2026 01:19;03/07/2026 15:30;-;01/07/2026 01:19;03/07/2026 15:30
CAIXA 42L;CAIXA 42L SEM BERÇO;-25 C a -15 C;559981;RN;A6263;00019200000013419153;MultiModal;07/07/2026 05:52;08/07/2026 17:32;-;07/07/2026 05:52;08/07/2026 17:32
CAIXA 42L;CAIXA 42L SEM BERÇO;-90 C a -60 C;560570;RN;869170034877747;00019200000013776150;MultiModal;27/07/2026 22:34;29/07/2026 14:40;-;27/07/2026 22:34;29/07/2026 14:40
CAIXA 42L;CAIXA 42L SEM BERÇO;-90 C a -60 C;560570;RN;300100;00019200000013776169;MultiModal;27/07/2026 22:34;29/07/2026 14:40;-;27/07/2026 22:34;29/07/2026 14:40
CAIXA 42L;CAIXA 42L SEM BERÇO;-90 C a -60 C;560570;RN;300054;00019200000013776177;MultiModal;27/07/2026 22:34;29/07/2026 14:40;-;27/07/2026 22:34;29/07/2026 14:40
CAIXA 42L;CAIXA 42L SEM BERÇO;-90 C a -60 C;560570;RN;300056;00019200000013776185;MultiModal;27/07/2026 22:34;29/07/2026 14:40;-;27/07/2026 22:34;29/07/2026 14:40
CAIXA 42L;CAIXA 42L SEM BERÇO;-90 C a -60 C;560570;RN;300163;00019200000013776193;MultiModal;27/07/2026 22:34;29/07/2026 14:40;-;27/07/2026 22:34;29/07/2026 14:40
CAIXA 42L;CAIXA 42L SEM BERÇO;-90 C a -60 C;560570;RN;300059;00019200000013776207;MultiModal;27/07/2026 22:34;29/07/2026 14:40;-;27/07/2026 22:34;29/07/2026 14:40
CAIXA 42L;CAIXA 42L SEM BERÇO;-90 C a -60 C;560570;RN;869170035504837;00019200000013776215;MultiModal;27/07/2026 22:34;29/07/2026 14:40;-;27/07/2026 22:34;29/07/2026 14:40
CAIXA 42L;CAIXA 42L SEM BERÇO;-90 C a -60 C;560570;RN;869170035520866;00019200000013776223;MultiModal;27/07/2026 22:34;29/07/2026 14:40;-;27/07/2026 22:34;29/07/2026 14:40
CAIXA 42L;CAIXA 42L SEM BERÇO;-90 C a -60 C;560570;RN;869170035517771;00019200000013776231;MultiModal;27/07/2026 22:34;29/07/2026 14:40;-;27/07/2026 22:34;29/07/2026 14:40
CAIXA 42L;CAIXA 42L SEM BERÇO;-90 C a -60 C;560570;RN;869170034881269;00019200000013776240;MultiModal;27/07/2026 22:34;29/07/2026 14:40;-;27/07/2026 22:34;29/07/2026 14:40
CAIXA 42L;CAIXA 42L SEM BERÇO;-90 C a -60 C;560570;RN;869170034876806;00019200000013776258;MultiModal;27/07/2026 22:34;29/07/2026 14:40;-;27/07/2026 22:34;29/07/2026 14:40
CAIXA 42L;CAIXA 42L SEM BERÇO;-90 C a -60 C;560570;RN;AS-0213;00019200000013776266;MultiModal;27/07/2026 22:34;29/07/2026 14:40;-;27/07/2026 22:34;29/07/2026 14:40
CAIXA 42L;CAIXA 42L SEM BERÇO;-90 C a -60 C;560570;RN;300027;00019200000013776274;MultiModal;27/07/2026 22:34;29/07/2026 14:40;-;27/07/2026 22:34;29/07/2026 14:40
CAIXA 42L;CAIXA 42L SEM BERÇO;-90 C a -60 C;560570;RN;300173;00019200000013776282;MultiModal;27/07/2026 22:34;29/07/2026 14:40;-;27/07/2026 22:34;29/07/2026 14:40
CAIXA 42L;CAIXA 42L SEM BERÇO;-90 C a -60 C;560570;RN;300181;00019200000013776290;MultiModal;27/07/2026 22:34;29/07/2026 14:40;-;27/07/2026 22:34;29/07/2026 14:40
CAIXA 42L;CAIXA 42L SEM BERÇO;-30 C a -15 C;563244;RN;A6216;00019200000013858386;MultiModal;04/08/2026 23:32;-;-;04/08/2026 23:32;-
CAIXA 42L;CAIXA 42L SEM BERÇO;-30 C a -15 C;563244;RN;A8161;00019200000013858416;MultiModal;04/08/2026 23:32;-;-;04/08/2026 23:32;-
CAIXA 42L;CAIXA 42L SEM BERÇO;-25 C a -15 C;563244;RN;A4389;00019200000013858424;MultiModal;04/08/2026 23:32;-;-;04/08/2026 23:32;-
CAIXA 42L;CAIXA 42L SEM BERÇO;-30 C a -15 C;559957;RO;A9354;00019200000013418211;MultiModal;07/07/2026 01:00;08/07/2026 18:00;-;07/07/2026 01:00;08/07/2026 18:00
CAIXA 42L;CAIXA 42L SEM BERÇO;-35 C a -15 C;559957;RO;A3754;00019200000013418220;MultiModal;07/07/2026 01:00;08/07/2026 18:00;-;07/07/2026 01:00;08/07/2026 18:00
CAIXA 42L;CAIXA 42L SEM BERÇO;-90 C a -60 C;560527;RO;869170035519140;00019200000013778544;MultiModal;27/07/2026 22:33;29/07/2026 12:05;-;27/07/2026 22:33;29/07/2026 12:05
CAIXA 42L;CAIXA 42L SEM BERÇO;-90 C a -60 C;560576;RO;V5561022;00019200000013471686;MultiModal;19/07/2026 23:45;21/07/2026 17:30;-;19/07/2026 23:45;21/07/2026 17:30
CAIXA 42L;CAIXA 42L SEM BERÇO;-90 C a -60 C;560576;RO;V56M3023;00019200000013471694;MultiModal;19/07/2026 23:45;21/07/2026 17:30;-;19/07/2026 23:45;21/07/2026 17:30
CAIXA 42L;CAIXA 42L SEM BERÇO;-90 C a -60 C;560576;RO;V56M300F;00019200000013471708;MultiModal;19/07/2026 23:45;21/07/2026 17:30;-;19/07/2026 23:45;21/07/2026 17:30
CAIXA 42L;CAIXA 42L SEM BERÇO;-90 C a -60 C;560576;RO;V54101A9;00019200000013471716;MultiModal;19/07/2026 23:45;21/07/2026 17:30;-;19/07/2026 23:45;21/07/2026 17:30
CAIXA 42L;CAIXA 42L SEM BERÇO;-90 C a -60 C;560576;RO;V556101C;00019200000013471724;MultiModal;19/07/2026 23:45;21/07/2026 17:30;-;19/07/2026 23:45;21/07/2026 17:30
CAIXA 42L;CAIXA 42L SEM BERÇO;-90 C a -60 C;560576;RO;V56M3016;00019200000013471732;MultiModal;19/07/2026 23:45;21/07/2026 17:30;-;19/07/2026 23:45;21/07/2026 17:30
CAIXA 42L;CAIXA 42L SEM BERÇO;-90 C a -60 C;560576;RO;V54100A1;00019200000013471740;MultiModal;19/07/2026 23:45;21/07/2026 17:30;-;19/07/2026 23:45;21/07/2026 17:30
CAIXA 42L;CAIXA 42L SEM BERÇO;-90 C a -60 C;560576;RO;V556102F;00019200000013471872;MultiModal;19/07/2026 23:45;21/07/2026 17:30;-;19/07/2026 23:45;21/07/2026 17:30
CAIXA 42L;CAIXA 42L SEM BERÇO;-90 C a -60 C;560576;RO;V5561002;00019200000013471880;MultiModal;19/07/2026 23:45;21/07/2026 17:30;-;19/07/2026 23:45;21/07/2026 17:30
CAIXA 42L;CAIXA 42L SEM BERÇO;-90 C a -60 C;560576;RO;V56M301E;00019200000013471899;MultiModal;19/07/2026 23:45;21/07/2026 17:30;-;19/07/2026 23:45;21/07/2026 17:30
CAIXA 42L;CAIXA 42L SEM BERÇO;-90 C a -60 C;560576;RO;V5561015;00019200000013475789;MultiModal;19/07/2026 23:45;21/07/2026 17:30;-;19/07/2026 23:45;21/07/2026 17:30
CAIXA 42L;CAIXA 42L SEM BERÇO;-90 C a -60 C;560576;RO;V5560004;00019200000013475797;MultiModal;19/07/2026 23:45;21/07/2026 17:30;-;19/07/2026 23:45;21/07/2026 17:30
CAIXA 42L;CAIXA 42L SEM BERÇO;-30 C a -15 C;561418;RO;A8179;00019200000013472151;MultiModal;19/07/2026 03:54;24/07/2026 20:25;-;19/07/2026 03:54;24/07/2026 20:25
CAIXA 42L;CAIXA 42L SEM BERÇO;-30 C a -15 C;561418;RO;A9611;00019200000013472160;MultiModal;19/07/2026 03:54;24/07/2026 20:25;-;19/07/2026 03:54;24/07/2026 20:25
CAIXA 42L;CAIXA 42L SEM BERÇO;-30 C a -15 C;561418;RO;TA0310;00019200000013472178;MultiModal;19/07/2026 03:54;24/07/2026 20:25;-;19/07/2026 03:54;24/07/2026 20:25
CAIXA 42L;CAIXA 42L SEM BERÇO;-30 C a -15 C;561418;RO;TA0493;00019200000013472186;MultiModal;19/07/2026 03:54;24/07/2026 20:25;-;19/07/2026 03:54;24/07/2026 20:25
CAIXA 42L;CAIXA 42L SEM BERÇO;-30 C a -15 C;561418;RO;A2344;00019200000013472194;MultiModal;19/07/2026 03:54;24/07/2026 20:25;-;19/07/2026 03:54;24/07/2026 20:25
CAIXA 42L;CAIXA 42L SEM BERÇO;-30 C a -15 C;561418;RO;A8458;00019200000013472208;MultiModal;19/07/2026 03:54;24/07/2026 20:25;-;19/07/2026 03:54;24/07/2026 20:25
CAIXA 42L;CAIXA 42L SEM BERÇO;-25 C a -15 C;561418;RO;A7945;00019200000013472216;MultiModal;19/07/2026 03:54;24/07/2026 20:25;-;19/07/2026 03:54;24/07/2026 20:25
CAIXA 42L;CAIXA 42L SEM BERÇO;-25 C a -15 C;561418;RO;A5377;00019200000013472224;MultiModal;19/07/2026 03:54;24/07/2026 20:25;-;19/07/2026 03:54;24/07/2026 20:25
CAIXA 42L;CAIXA 42L SEM BERÇO;-25 C a -15 C;561418;RO;A7312;00019200000013472232;MultiModal;19/07/2026 03:54;24/07/2026 20:25;-;19/07/2026 03:54;24/07/2026 20:25
CAIXA 42L;CAIXA 42L SEM BERÇO;-25 C a -15 C;561418;RO;A6642;00019200000013472259;MultiModal;19/07/2026 03:54;24/07/2026 20:25;-;19/07/2026 03:54;24/07/2026 20:25
CAIXA 42L;CAIXA 42L SEM BERÇO;-25 C a -15 C;561418;RO;A6142;00019200000013472267;MultiModal;19/07/2026 03:54;24/07/2026 20:25;-;19/07/2026 03:54;24/07/2026 20:25
CAIXA 42L;CAIXA 42L SEM BERÇO;-25 C a -15 C;561418;RO;TA0826;00019200000013472275;MultiModal;19/07/2026 03:54;24/07/2026 20:25;-;19/07/2026 03:54;24/07/2026 20:25
CAIXA 42L;CAIXA 42L SEM BERÇO;-25 C a -15 C;561418;RO;A8679;00019200000013472283;MultiModal;19/07/2026 03:54;24/07/2026 20:25;-;19/07/2026 03:54;24/07/2026 20:25
CAIXA 42L;CAIXA 42L SEM BERÇO;-25 C a -15 C;561418;RO;TA1135;00019200000013472291;MultiModal;19/07/2026 03:54;24/07/2026 20:25;-;19/07/2026 03:54;24/07/2026 20:25
CAIXA 42L;CAIXA 42L SEM BERÇO;-25 C a -15 C;561418;RO;TA0895;00019200000013472305;MultiModal;19/07/2026 03:54;24/07/2026 20:25;-;19/07/2026 03:54;24/07/2026 20:25
CAIXA 42L;CAIXA 42L SEM BERÇO;-25 C a -15 C;561418;RO;A7095;00019200000013472313;MultiModal;19/07/2026 03:54;24/07/2026 20:25;-;19/07/2026 03:54;24/07/2026 20:25
CAIXA 42L;CAIXA 42L SEM BERÇO;-25 C a -15 C;561418;RO;A6569;00019200000013472321;MultiModal;19/07/2026 03:54;24/07/2026 20:25;-;19/07/2026 03:54;24/07/2026 20:25
CAIXA 42L;CAIXA 42L SEM BERÇO;-25 C a -15 C;561418;RO;TA1062;00019200000013472330;MultiModal;19/07/2026 03:54;24/07/2026 20:25;-;19/07/2026 03:54;24/07/2026 20:25
CAIXA 42L;CAIXA 42L SEM BERÇO;-25 C a -15 C;561418;RO;A5533;00019200000013472348;MultiModal;19/07/2026 03:54;24/07/2026 20:25;-;19/07/2026 03:54;24/07/2026 20:25
CAIXA 42L;CAIXA 42L SEM BERÇO;-25 C a -15 C;561418;RO;A9128;00019200000013472356;MultiModal;19/07/2026 03:54;24/07/2026 20:25;-;19/07/2026 03:54;24/07/2026 20:25
CAIXA 42L;CAIXA 42L SEM BERÇO;-25 C a -15 C;561418;RO;A8531;00019200000013472364;MultiModal;19/07/2026 03:54;24/07/2026 20:25;-;19/07/2026 03:54;24/07/2026 20:25
CAIXA 42L;CAIXA 42L SEM BERÇO;-25 C a -15 C;561418;RO;A0259;00019200000013472372;MultiModal;19/07/2026 03:54;24/07/2026 20:25;-;19/07/2026 03:54;24/07/2026 20:25
CAIXA 42L;CAIXA 42L SEM BERÇO;-25 C a -15 C;561418;RO;A3195;00019200000013472380;MultiModal;19/07/2026 03:54;24/07/2026 20:25;-;19/07/2026 03:54;24/07/2026 20:25
CAIXA 42L;CAIXA 42L SEM BERÇO;-25 C a -15 C;561418;RO;A5061;00019200000013472399;MultiModal;19/07/2026 03:54;24/07/2026 20:25;-;19/07/2026 03:54;24/07/2026 20:25
CAIXA 42L;CAIXA 42L SEM BERÇO;-25 C a -15 C;561418;RO;A5097;00019200000013472402;MultiModal;19/07/2026 03:54;24/07/2026 20:25;-;19/07/2026 03:54;24/07/2026 20:25
CAIXA 42L;CAIXA 42L SEM BERÇO;-25 C a -15 C;561418;RO;A3193;00019200000013472410;MultiModal;19/07/2026 03:54;24/07/2026 20:25;-;19/07/2026 03:54;24/07/2026 20:25
CAIXA 42L;CAIXA 42L SEM BERÇO;-30 C a -15 C;561418;RO;A5035;00019200000013473760;MultiModal;19/07/2026 03:54;24/07/2026 20:25;-;19/07/2026 03:54;24/07/2026 20:25
CAIXA 42L;CAIXA 42L SEM BERÇO;-30 C a -15 C;563236;RO;A0086;00019200000013861204;MultiModal;04/08/2026 23:18;-;-;04/08/2026 23:18;-
CAIXA 42L;CAIXA 42L SEM BERÇO;-30 C a -15 C;563236;RO;A2370;00019200000013861212;MultiModal;04/08/2026 23:18;-;-;04/08/2026 23:18;-
CAIXA 42L;CAIXA 42L SEM BERÇO;-35 C a -15 C;563236;RO;TA0303;00019200000013861239;MultiModal;04/08/2026 23:18;-;-;04/08/2026 23:18;-
CAIXA 42L;CAIXA 42L SEM BERÇO;-30 C a -15 C;563236;RO;A1914;00019200000013861301;MultiModal;04/08/2026 23:18;-;-;04/08/2026 23:18;-
CAIXA 42L;CAIXA 42L SEM BERÇO;-25 C a -15 C;559944;RR;A3432;00019200000013419030;MultiModal;07/07/2026 06:51;10/07/2026 18:00;-;07/07/2026 06:51;10/07/2026 18:00
CAIXA 42L;CAIXA 42L SEM BERÇO;-90 C a -60 C;560780;RR;300017;00019200000013778609;MultiModal;27/07/2026 22:35;29/07/2026 10:11;-;27/07/2026 22:35;29/07/2026 10:11
CAIXA 42L;CAIXA 42L SEM BERÇO;-90 C a -60 C;562345;RR;869170035519025;00019200000013790021;MultiModal;04/08/2026 02:39;-;-;04/08/2026 02:39;-
CAIXA 42L;CAIXA 42L SEM BERÇO;-90 C a -60 C;562345;RR;869170034882317;00019200000013790030;MultiModal;04/08/2026 02:39;-;-;04/08/2026 02:39;-
CAIXA 42L;CAIXA 42L SEM BERÇO;-90 C a -60 C;562345;RR;869170034882424;00019200000013790048;MultiModal;04/08/2026 02:39;-;-;04/08/2026 02:39;-
CAIXA 42L;CAIXA 42L SEM BERÇO;-90 C a -60 C;562345;RR;869170034886789;00019200000013790056;MultiModal;04/08/2026 02:39;-;-;04/08/2026 02:39;-
CAIXA 42L;CAIXA 42L SEM BERÇO;-90 C a -60 C;562345;RR;869170034885773;00019200000013790064;MultiModal;04/08/2026 02:39;-;-;04/08/2026 02:39;-
CAIXA 42L;CAIXA 42L SEM BERÇO;-90 C a -60 C;562345;RR;869170034888231;00019200000013790072;MultiModal;04/08/2026 02:39;-;-;04/08/2026 02:39;-
CAIXA 42L;CAIXA 42L SEM BERÇO;-35 C a -15 C;563229;RR;A6102;00019200000013853007;MultiModal;04/08/2026 23:19;-;-;04/08/2026 23:19;-
CAIXA 42L;CAIXA 42L SEM BERÇO;-30 C a -15 C;559925;RS;A7594;00019200000013419137;MultiModal;07/07/2026 06:51;09/07/2026 13:09;-;07/07/2026 06:51;09/07/2026 13:09
CAIXA 42L;CAIXA 42L SEM BERÇO;-90 C a -60 C;560574;RS;AS-0499;00019200000013463969;MultiModal;21/07/2026 22:28;23/07/2026 15:00;-;21/07/2026 22:28;23/07/2026 13:15
CAIXA 42L;CAIXA 42L SEM BERÇO;-90 C a -60 C;560574;RS;AS-0683;00019200000013463977;MultiModal;21/07/2026 22:28;23/07/2026 15:00;-;21/07/2026 22:28;23/07/2026 13:15
CAIXA 42L;CAIXA 42L SEM BERÇO;-90 C a -60 C;560574;RS;AS-0426;00019200000013463985;MultiModal;21/07/2026 22:28;23/07/2026 15:00;-;21/07/2026 22:28;23/07/2026 13:15
CAIXA 42L;CAIXA 42L SEM BERÇO;-90 C a -60 C;560574;RS;AS-0702;00019200000013463993;MultiModal;21/07/2026 22:28;23/07/2026 15:00;-;21/07/2026 22:28;23/07/2026 13:15
CAIXA 42L;CAIXA 42L SEM BERÇO;-90 C a -60 C;560574;RS;AS-0869;00019200000013464019;MultiModal;21/07/2026 22:28;23/07/2026 15:00;-;21/07/2026 22:28;23/07/2026 13:15
CAIXA 42L;CAIXA 42L SEM BERÇO;-90 C a -60 C;560574;RS;AS-0837;00019200000013464027;MultiModal;21/07/2026 22:28;23/07/2026 15:00;-;21/07/2026 22:28;23/07/2026 13:15
CAIXA 42L;CAIXA 42L SEM BERÇO;-90 C a -60 C;560574;RS;AS-0201;00019200000013464035;MultiModal;21/07/2026 22:28;23/07/2026 15:00;-;21/07/2026 22:28;23/07/2026 15:00
CAIXA 42L;CAIXA 42L SEM BERÇO;-90 C a -60 C;560574;RS;AS-0487;00019200000013464043;MultiModal;21/07/2026 22:28;23/07/2026 15:00;-;21/07/2026 22:28;23/07/2026 13:15
CAIXA 42L;CAIXA 42L SEM BERÇO;-90 C a -60 C;560574;RS;AS-0356;00019200000013464051;MultiModal;21/07/2026 22:28;23/07/2026 15:00;-;21/07/2026 22:28;23/07/2026 15:00
CAIXA 42L;CAIXA 42L SEM BERÇO;-90 C a -60 C;560574;RS;AS-0414;00019200000013464078;MultiModal;21/07/2026 22:28;23/07/2026 15:00;-;21/07/2026 22:28;23/07/2026 13:15
CAIXA 42L;CAIXA 42L SEM BERÇO;-90 C a -60 C;560574;RS;AS-0078;00019200000013464086;MultiModal;21/07/2026 22:28;23/07/2026 15:00;-;21/07/2026 22:28;23/07/2026 15:00
CAIXA 42L;CAIXA 42L SEM BERÇO;-90 C a -60 C;560574;RS;AS-0019;00019200000013464094;MultiModal;21/07/2026 22:28;23/07/2026 15:00;-;21/07/2026 22:28;23/07/2026 15:00
CAIXA 42L;CAIXA 42L SEM BERÇO;-90 C a -60 C;560574;RS;AS-0252;00019200000013464108;MultiModal;21/07/2026 22:28;23/07/2026 15:00;-;21/07/2026 22:28;23/07/2026 15:00
CAIXA 42L;CAIXA 42L SEM BERÇO;-90 C a -60 C;560574;RS;AS-0160;00019200000013464116;MultiModal;21/07/2026 22:28;23/07/2026 15:00;-;21/07/2026 22:28;23/07/2026 15:00
CAIXA 42L;CAIXA 42L SEM BERÇO;-90 C a -60 C;560574;RS;AS-0513;00019200000013464124;MultiModal;21/07/2026 22:28;23/07/2026 15:00;-;21/07/2026 22:28;23/07/2026 13:15
CAIXA 42L;CAIXA 42L SEM BERÇO;-90 C a -60 C;560574;RS;AS-0234;00019200000013464132;MultiModal;21/07/2026 22:28;23/07/2026 15:00;-;21/07/2026 22:28;23/07/2026 15:00
CAIXA 42L;CAIXA 42L SEM BERÇO;-90 C a -60 C;560574;RS;AS-0494;00019200000013464140;MultiModal;21/07/2026 22:28;23/07/2026 15:00;-;21/07/2026 22:28;23/07/2026 15:00
CAIXA 42L;CAIXA 42L SEM BERÇO;-90 C a -60 C;560574;RS;AS-0850;00019200000013464159;MultiModal;21/07/2026 22:28;23/07/2026 15:00;-;21/07/2026 22:28;23/07/2026 15:00
CAIXA 42L;CAIXA 42L SEM BERÇO;-90 C a -60 C;560574;RS;AS-0107;00019200000013464167;MultiModal;21/07/2026 22:28;23/07/2026 15:00;-;21/07/2026 22:28;23/07/2026 15:00
CAIXA 42L;CAIXA 42L SEM BERÇO;-90 C a -60 C;560574;RS;AS-0845;00019200000013464175;MultiModal;21/07/2026 22:28;23/07/2026 15:00;-;21/07/2026 22:28;23/07/2026 15:00
CAIXA 42L;CAIXA 42L SEM BERÇO;-90 C a -60 C;560574;RS;AS-0511;00019200000013464183;MultiModal;21/07/2026 22:28;23/07/2026 15:00;-;21/07/2026 22:28;23/07/2026 15:00
CAIXA 42L;CAIXA 42L SEM BERÇO;-90 C a -60 C;560574;RS;AS-0363;00019200000013464191;MultiModal;21/07/2026 22:28;23/07/2026 15:00;-;21/07/2026 22:28;23/07/2026 13:15
CAIXA 42L;CAIXA 42L SEM BERÇO;-90 C a -60 C;560574;RS;AS-0269;00019200000013464205;MultiModal;21/07/2026 22:28;23/07/2026 15:00;-;21/07/2026 22:28;23/07/2026 13:15
CAIXA 42L;CAIXA 42L SEM BERÇO;-90 C a -60 C;560574;RS;AS-0643;00019200000013464213;MultiModal;21/07/2026 22:28;23/07/2026 15:00;-;21/07/2026 22:28;23/07/2026 13:15
CAIXA 42L;CAIXA 42L SEM BERÇO;-90 C a -60 C;560574;RS;AS-0263;00019200000013464221;MultiModal;21/07/2026 22:28;23/07/2026 15:00;-;21/07/2026 22:28;23/07/2026 13:15
CAIXA 42L;CAIXA 42L SEM BERÇO;-25 C a -15 C;560688;RS;A5913;00019200000013694359;Rodoviário;27/07/2026 06:04;29/07/2026 10:36;29/07/2026 09:00;27/07/2026 06:04;29/07/2026 10:23
CAIXA 42L;CAIXA 42L SEM BERÇO;-90 C a -60 C;561641;RS;869170034872433;00019200000013789848;MultiModal;03/08/2026 04:37;04/08/2026 11:10;-;03/08/2026 04:37;04/08/2026 11:10
CAIXA 42L;CAIXA 42L SEM BERÇO;-90 C a -60 C;561641;RS;869170035510362;00019200000013836790;MultiModal;03/08/2026 04:37;04/08/2026 11:10;-;03/08/2026 04:37;04/08/2026 11:10
CAIXA 42L;CAIXA 42L SEM BERÇO;-90 C a -60 C;561641;RS;869170035513457;00019200000013836803;MultiModal;03/08/2026 04:37;04/08/2026 11:10;-;03/08/2026 04:37;04/08/2026 11:10
CAIXA 42L;CAIXA 42L SEM BERÇO;-90 C a -60 C;561641;RS;869170034888512;00019200000013836811;MultiModal;03/08/2026 04:37;04/08/2026 11:10;-;03/08/2026 05:05;04/08/2026 11:10
CAIXA 42L;CAIXA 42L SEM BERÇO;-90 C a -60 C;561641;RS;869170035512301;00019200000013836820;MultiModal;03/08/2026 04:37;04/08/2026 11:10;-;03/08/2026 05:05;04/08/2026 11:10
CAIXA 42L;CAIXA 42L SEM BERÇO;-90 C a -60 C;561641;RS;869170035514208;00019200000013836838;MultiModal;03/08/2026 04:37;04/08/2026 11:10;-;03/08/2026 05:05;04/08/2026 11:10
CAIXA 42L;CAIXA 42L SEM BERÇO;-90 C a -60 C;561641;RS;869170035502492;00019200000013836846;MultiModal;03/08/2026 04:37;04/08/2026 11:10;-;03/08/2026 05:05;04/08/2026 11:10
CAIXA 42L;CAIXA 42L SEM BERÇO;-90 C a -60 C;561641;RS;869170035511394;00019200000013836854;MultiModal;03/08/2026 04:37;04/08/2026 11:10;-;03/08/2026 04:37;04/08/2026 11:10
CAIXA 42L;CAIXA 42L SEM BERÇO;-90 C a -60 C;561641;RS;869170034877770;00019200000013836862;MultiModal;03/08/2026 04:37;04/08/2026 11:10;-;03/08/2026 05:05;04/08/2026 11:10
CAIXA 42L;CAIXA 42L SEM BERÇO;-90 C a -60 C;561641;RS;869170034887449;00019200000013836870;MultiModal;03/08/2026 04:37;04/08/2026 11:10;-;03/08/2026 04:37;04/08/2026 11:10
CAIXA 42L;CAIXA 42L SEM BERÇO;-90 C a -60 C;561641;RS;869170035503821;00019200000013836889;MultiModal;03/08/2026 04:37;04/08/2026 11:10;-;03/08/2026 05:05;04/08/2026 11:10
CAIXA 42L;CAIXA 42L SEM BERÇO;-90 C a -60 C;561641;RS;869170035501585;00019200000013836897;MultiModal;03/08/2026 04:37;04/08/2026 11:10;-;03/08/2026 04:37;04/08/2026 11:10
CAIXA 42L;CAIXA 42L SEM BERÇO;-90 C a -60 C;561641;RS;869170034872243;00019200000013836900;MultiModal;03/08/2026 04:37;04/08/2026 11:10;-;03/08/2026 05:05;04/08/2026 11:10
CAIXA 42L;CAIXA 42L SEM BERÇO;-90 C a -60 C;561641;RS;869170034872110;00019200000013836919;MultiModal;03/08/2026 04:37;04/08/2026 11:10;-;03/08/2026 04:37;04/08/2026 11:10
CAIXA 42L;CAIXA 42L SEM BERÇO;-90 C a -60 C;561641;RS;869170034886797;00019200000013836927;MultiModal;03/08/2026 04:37;04/08/2026 11:10;-;03/08/2026 04:37;04/08/2026 11:10
CAIXA 42L;CAIXA 42L SEM BERÇO;-90 C a -60 C;561641;RS;869170035503680;00019200000013836935;MultiModal;03/08/2026 04:37;04/08/2026 11:10;-;03/08/2026 04:37;04/08/2026 11:10
CAIXA 42L;CAIXA 42L SEM BERÇO;-90 C a -60 C;561641;RS;869170034882598;00019200000013836943;MultiModal;03/08/2026 04:37;04/08/2026 11:10;-;03/08/2026 05:05;04/08/2026 11:10
CAIXA 42L;CAIXA 42L SEM BERÇO;-90 C a -60 C;561641;RS;869170034871666;00019200000013836951;MultiModal;03/08/2026 04:37;04/08/2026 11:10;-;03/08/2026 05:05;04/08/2026 11:10
CAIXA 42L;CAIXA 42L SEM BERÇO;-90 C a -60 C;561641;RS;869170035514240;00019200000013836960;MultiModal;03/08/2026 04:37;04/08/2026 11:10;-;03/08/2026 05:05;04/08/2026 11:10
CAIXA 42L;CAIXA 42L SEM BERÇO;-90 C a -60 C;561641;RS;869170034890153;00019200000013836978;MultiModal;03/08/2026 04:37;04/08/2026 11:10;-;03/08/2026 05:05;04/08/2026 11:10
CAIXA 42L;CAIXA 42L SEM BERÇO;-90 C a -60 C;561641;RS;V541018C;00019200000013836986;MultiModal;03/08/2026 04:37;04/08/2026 11:10;-;03/08/2026 04:37;04/08/2026 11:10
CAIXA 42L;CAIXA 42L SEM BERÇO;-90 C a -60 C;561641;RS;869170035501478;00019200000013837010;MultiModal;03/08/2026 04:37;04/08/2026 11:10;-;03/08/2026 05:05;04/08/2026 11:10
CAIXA 42L;CAIXA 42L SEM BERÇO;-90 C a -60 C;561641;RS;869170035518829;00019200000013837028;MultiModal;03/08/2026 04:37;04/08/2026 11:10;-;03/08/2026 05:05;04/08/2026 11:10
CAIXA 42L;CAIXA 42L SEM BERÇO;-90 C a -60 C;561641;RS;869170035513879;00019200000013837036;MultiModal;03/08/2026 04:37;04/08/2026 11:10;-;03/08/2026 04:37;04/08/2026 11:10
CAIXA 42L;CAIXA 42L SEM BERÇO;-90 C a -60 C;561641;RS;869170034872250;00019200000013837044;MultiModal;03/08/2026 04:37;04/08/2026 11:10;-;03/08/2026 04:37;04/08/2026 11:10
CAIXA 42L;CAIXA 42L SEM BERÇO;-90 C a -60 C;561641;RS;869170034886946;00019200000013837052;MultiModal;03/08/2026 04:37;04/08/2026 11:10;-;03/08/2026 05:05;04/08/2026 11:10
CAIXA 42L;CAIXA 42L SEM BERÇO;-90 C a -60 C;561641;RS;869170034887373;00019200000013837060;MultiModal;03/08/2026 04:37;04/08/2026 11:10;-;03/08/2026 05:05;04/08/2026 11:10
CAIXA 42L;CAIXA 42L SEM BERÇO;-90 C a -60 C;561641;RS;869170035512582;00019200000013837079;MultiModal;03/08/2026 04:37;04/08/2026 11:10;-;03/08/2026 04:37;04/08/2026 11:10
CAIXA 42L;CAIXA 42L SEM BERÇO;-90 C a -60 C;561641;RS;869170034884032;00019200000013837087;MultiModal;03/08/2026 04:37;04/08/2026 11:10;-;03/08/2026 04:37;04/08/2026 11:10
CAIXA 42L;CAIXA 42L SEM BERÇO;-90 C a -60 C;561641;RS;869170034889643;00019200000013837095;MultiModal;03/08/2026 04:37;04/08/2026 11:10;-;03/08/2026 04:37;04/08/2026 11:10
CAIXA 42L;CAIXA 42L SEM BERÇO;-90 C a -60 C;561641;RS;869170034885856;00019200000013837109;MultiModal;03/08/2026 04:37;04/08/2026 11:10;-;03/08/2026 04:37;04/08/2026 11:10
CAIXA 42L;CAIXA 42L SEM BERÇO;-90 C a -60 C;561641;RS;869170035502823;00019200000013837117;MultiModal;03/08/2026 04:37;04/08/2026 11:10;-;03/08/2026 05:05;04/08/2026 11:10
CAIXA 42L;CAIXA 42L SEM BERÇO;-30 C a -15 C;562154;RS;A4440;00019200000013778293;MultiModal;28/07/2026 03:39;31/07/2026 11:28;-;28/07/2026 03:39;31/07/2026 11:28
CAIXA 42L;CAIXA 42L SEM BERÇO;-25 C a -15 C;563189;RS;A0204;00019200000013853376;MultiModal;04/08/2026 23:26;-;-;04/08/2026 23:26;-
CAIXA 42L;CAIXA 42L SEM BERÇO;-35 C a -15 C;563189;RS;A2981;00019200000013853384;MultiModal;04/08/2026 23:26;-;-;04/08/2026 23:26;-
CAIXA 42L;CAIXA 42L SEM BERÇO;-25 C a -15 C;559880;SC;A8482;00019200000013407147;MultiModal;09/07/2026 05:48;10/07/2026 17:00;-;09/07/2026 05:48;10/07/2026 17:00
CAIXA 42L;CAIXA 42L SEM BERÇO;-30 C a -15 C;559880;SC;A4021;00019200000013407180;MultiModal;09/07/2026 05:48;10/07/2026 17:00;-;09/07/2026 05:48;10/07/2026 17:00
CAIXA 42L;CAIXA 42L SEM BERÇO;-30 C a -15 C;559880;SC;A7212;00019200000013407198;MultiModal;09/07/2026 05:48;10/07/2026 17:00;-;09/07/2026 05:48;10/07/2026 17:00
CAIXA 42L;CAIXA 42L SEM BERÇO;-35 C a -15 C;559880;SC;A3672;00019200000013407201;MultiModal;09/07/2026 05:48;10/07/2026 17:00;-;09/07/2026 05:48;10/07/2026 17:00
CAIXA 42L;CAIXA 42L SEM BERÇO;-35 C a -15 C;559880;SC;TA0241;00019200000013407210;MultiModal;09/07/2026 05:48;10/07/2026 17:00;-;09/07/2026 05:48;10/07/2026 17:00
CAIXA 42L;CAIXA 42L SEM BERÇO;-30 C a -15 C;563153;SC;A0372;00019200000013852965;MultiModal;04/08/2026 23:33;-;-;04/08/2026 23:33;-
CAIXA 42L;CAIXA 42L SEM BERÇO;-35 C a -15 C;563153;SC;A8300;00019200000013852973;MultiModal;04/08/2026 23:33;-;-;04/08/2026 23:33;-
CAIXA 42L;CAIXA 42L SEM BERÇO;-35 C a -15 C;563153;SC;TA0920;00019200000013852981;MultiModal;04/08/2026 23:33;-;-;04/08/2026 23:33;-
CAIXA 42L;CAIXA 42L SEM BERÇO;-35 C a -15 C;563153;SC;TA0004;00019200000013852990;MultiModal;04/08/2026 23:33;-;-;04/08/2026 23:33;-
CAIXA 42L;CAIXA 42L SEM BERÇO;-30 C a -15 C;563153;SC;A8425;00019200000013856740;MultiModal;04/08/2026 23:33;-;-;04/08/2026 23:33;-
CAIXA 42L;CAIXA 42L SEM BERÇO;-30 C a -15 C;559876;SE;A1817;00019200000013419021;MultiModal;07/07/2026 00:57;17/07/2026 15:00;-;07/07/2026 00:57;17/07/2026 15:00
CAIXA 42L;CAIXA 42L SEM BERÇO;-30 C a -15 C;560503;SE;A0727;00019200000013454420;MultiModal;15/07/2026 23:21;17/07/2026 12:20;-;15/07/2026 23:21;17/07/2026 12:20
CAIXA 42L;CAIXA 42L SEM BERÇO;-90 C a -60 C;560566;SE;300044;00019200000013784048;MultiModal;04/08/2026 02:39;-;-;04/08/2026 02:39;-
CAIXA 42L;CAIXA 42L SEM BERÇO;-90 C a -60 C;560566;SE;869170034888124;00019200000013784056;MultiModal;04/08/2026 02:39;-;-;04/08/2026 02:39;-
CAIXA 42L;CAIXA 42L SEM BERÇO;-90 C a -60 C;560566;SE;869170034873522;00019200000013784064;MultiModal;04/08/2026 02:39;-;-;04/08/2026 02:39;-
CAIXA 42L;CAIXA 42L SEM BERÇO;-90 C a -60 C;560566;SE;869170034876368;00019200000013784072;MultiModal;04/08/2026 02:39;-;-;04/08/2026 02:39;-
CAIXA 42L;CAIXA 42L SEM BERÇO;-90 C a -60 C;560566;SE;869170034889734;00019200000013784080;MultiModal;04/08/2026 02:39;-;-;04/08/2026 02:39;-
CAIXA 42L;CAIXA 42L SEM BERÇO;-90 C a -60 C;560566;SE;869170034871708;00019200000013784099;MultiModal;04/08/2026 02:39;-;-;04/08/2026 02:39;-
CAIXA 42L;CAIXA 42L SEM BERÇO;-90 C a -60 C;560566;SE;300176;00019200000013784102;MultiModal;04/08/2026 02:39;-;-;04/08/2026 02:39;-
CAIXA 42L;CAIXA 42L SEM BERÇO;-90 C a -60 C;560566;SE;300029;00019200000013784110;MultiModal;04/08/2026 02:39;-;-;04/08/2026 02:39;-
CAIXA 42L;CAIXA 42L SEM BERÇO;-90 C a -60 C;560566;SE;300034;00019200000013784129;MultiModal;04/08/2026 02:39;-;-;04/08/2026 02:39;-
CAIXA 42L;CAIXA 42L SEM BERÇO;-90 C a -60 C;560566;SE;300008;00019200000013784137;MultiModal;04/08/2026 02:39;-;-;04/08/2026 02:39;-
CAIXA 42L;CAIXA 42L SEM BERÇO;-90 C a -60 C;560566;SE;869170034878810;00019200000013784145;MultiModal;04/08/2026 02:39;-;-;04/08/2026 02:39;-
CAIXA 42L;CAIXA 42L SEM BERÇO;-90 C a -60 C;560566;SE;869170035491530;00019200000013784153;MultiModal;04/08/2026 02:39;-;-;04/08/2026 02:39;-
CAIXA 42L;CAIXA 42L SEM BERÇO;-90 C a -60 C;560566;SE;869170034887530;00019200000013784161;MultiModal;04/08/2026 02:39;-;-;04/08/2026 02:39;-
CAIXA 42L;CAIXA 42L SEM BERÇO;-90 C a -60 C;560566;SE;869170034872300;00019200000013789937;MultiModal;04/08/2026 02:39;-;-;04/08/2026 02:39;-
CAIXA 42L;CAIXA 42L SEM BERÇO;-90 C a -60 C;560566;SE;869170034875378;00019200000013789945;MultiModal;04/08/2026 02:39;-;-;04/08/2026 02:39;-
CAIXA 42L;CAIXA 42L SEM BERÇO;-90 C a -60 C;560566;SE;869170034885583;00019200000013789953;MultiModal;04/08/2026 02:39;-;-;04/08/2026 02:39;-
CAIXA 42L;CAIXA 42L SEM BERÇO;-90 C a -60 C;560566;SE;869170034886110;00019200000013789961;MultiModal;04/08/2026 02:39;-;-;04/08/2026 02:39;-
CAIXA 42L;CAIXA 42L SEM BERÇO;-90 C a -60 C;560566;SE;869170034874447;00019200000013789970;MultiModal;04/08/2026 02:39;-;-;04/08/2026 02:39;-
CAIXA 42L;CAIXA 42L SEM BERÇO;-90 C a -60 C;560566;SE;869170035510388;00019200000013789988;MultiModal;04/08/2026 02:39;-;-;04/08/2026 02:39;-
CAIXA 42L;CAIXA 42L SEM BERÇO;-30 C a -15 C;563130;SE;A9555;00019200000013864106;MultiModal;04/08/2026 23:39;-;-;04/08/2026 23:39;-
CAIXA 42L;CAIXA 42L SEM BERÇO;-30 C a -15 C;563130;SE;A6073;00019200000013864114;MultiModal;04/08/2026 23:39;-;-;04/08/2026 23:39;-
CAIXA 42L;CAIXA 42L SEM BERÇO;-25 C a -15 C;559319;SP;A8356;00019200000013247638;Rodoviário;01/07/2026 03:55;01/07/2026 13:54;-;01/07/2026 03:55;01/07/2026 13:54
CAIXA 42L;CAIXA 42L SEM BERÇO;-25 C a -15 C;559697;SP;A5033;00019200000013422723;Rodoviário;03/07/2026 05:14;03/07/2026 12:42;-;03/07/2026 05:14;03/07/2026 12:42
CAIXA 42L;CAIXA 42L SEM BERÇO;-30 C a -15 C;559870;SP;A5209;00019200000013415280;Rodoviário;17/07/2026 04:54;17/07/2026 10:18;-;17/07/2026 04:54;20/07/2026 14:05
CAIXA 42L;CAIXA 42L SEM BERÇO;-25 C a -15 C;559870;SP;A4755;00019200000013415298;Rodoviário;17/07/2026 04:54;17/07/2026 10:18;-;17/07/2026 04:54;20/07/2026 14:05
CAIXA 42L;CAIXA 42L SEM BERÇO;-30 C a -15 C;559870;SP;A4555;00019200000013415301;Rodoviário;17/07/2026 04:54;17/07/2026 10:18;-;17/07/2026 04:54;20/07/2026 14:05
CAIXA 42L;CAIXA 42L SEM BERÇO;-30 C a -15 C;559870;SP;A4843;00019200000013415310;Rodoviário;17/07/2026 04:54;17/07/2026 10:18;-;17/07/2026 04:54;20/07/2026 14:05
CAIXA 42L;CAIXA 42L SEM BERÇO;-30 C a -15 C;560113;SP;A3818;00019200000013451758;Rodoviário;15/07/2026 02:34;15/07/2026 10:05;-;15/07/2026 02:34;15/07/2026 10:05
CAIXA 42L;CAIXA 42L SEM BERÇO;-25 C a -15 C;561125;SP;A8303;00019200000013478745;Rodoviário;16/07/2026 01:43;16/07/2026 09:34;-;16/07/2026 01:43;16/07/2026 09:34
CAIXA 42L;CAIXA 42L SEM BERÇO;-90 C a -60 C;561435;SP;869170035491621;00019200000013751824;Rodoviário;27/07/2026 01:06;27/07/2026 09:08;27/07/2026 07:58;27/07/2026 01:06;27/07/2026 09:11
CAIXA 42L;CAIXA 42L SEM BERÇO;-90 C a -60 C;561435;SP;869170034887332;00019200000013751832;Rodoviário;27/07/2026 01:06;27/07/2026 09:08;27/07/2026 07:58;27/07/2026 01:06;27/07/2026 09:11
CAIXA 42L;CAIXA 42L SEM BERÇO;-90 C a -60 C;561435;SP;869170034874710;00019200000013751840;Rodoviário;27/07/2026 01:06;27/07/2026 09:08;27/07/2026 07:58;27/07/2026 01:06;27/07/2026 09:11
CAIXA 42L;CAIXA 42L SEM BERÇO;-90 C a -60 C;561435;SP;869170035511287;00019200000013751859;Rodoviário;27/07/2026 01:06;27/07/2026 09:08;27/07/2026 07:58;27/07/2026 01:06;27/07/2026 09:11
CAIXA 42L;CAIXA 42L SEM BERÇO;-90 C a -60 C;561435;SP;869170035511360;00019200000013751867;Rodoviário;27/07/2026 01:06;27/07/2026 09:08;27/07/2026 07:58;27/07/2026 01:06;27/07/2026 09:11
CAIXA 42L;CAIXA 42L SEM BERÇO;-90 C a -60 C;561435;SP;869170035518605;00019200000013751875;Rodoviário;27/07/2026 01:06;27/07/2026 09:08;27/07/2026 07:58;27/07/2026 01:06;27/07/2026 09:11
CAIXA 42L;CAIXA 42L SEM BERÇO;-15 C a -30 C;562000;SP;A3766;00019200000013595202;Rodoviário;23/07/2026 03:21;23/07/2026 12:49;-;23/07/2026 03:21;23/07/2026 12:49
CAIXA 42L;CAIXA 42L SEM BERÇO;-30 C a -15 C;559781;TO;A8445;00019200000013419129;MultiModal;07/07/2026 01:13;08/07/2026 18:00;-;07/07/2026 01:13;08/07/2026 18:00
CAIXA 42L;CAIXA 42L SEM BERÇO;-25 C a -15 C;560364;TO;A8870;00019200000013491555;MultiModal;13/07/2026 01:44;15/07/2026 17:22;-;13/07/2026 01:44;15/07/2026 17:22
CAIXA 42L;CAIXA 42L SEM BERÇO;-90 C a -60 C;560565;TO;AS-0851;00019200000013789856;MultiModal;03/08/2026 00:41;-;-;03/08/2026 00:41;-
CAIXA 42L;CAIXA 42L SEM BERÇO;-90 C a -60 C;560565;TO;AS-0095;00019200000013789864;MultiModal;03/08/2026 00:41;-;-;03/08/2026 00:41;-
CAIXA 42L;CAIXA 42L SEM BERÇO;-90 C a -60 C;560565;TO;AS-0001;00019200000013789872;MultiModal;03/08/2026 00:41;-;-;03/08/2026 00:41;-
CAIXA 42L;CAIXA 42L SEM BERÇO;-90 C a -60 C;560565;TO;AS-0259;00019200000013789880;MultiModal;03/08/2026 00:41;-;-;03/08/2026 00:41;-
CAIXA 42L;CAIXA 42L SEM BERÇO;-90 C a -60 C;560565;TO;AS-0635;00019200000013789899;MultiModal;03/08/2026 00:41;-;-;03/08/2026 00:41;-
CAIXA 42L;CAIXA 42L SEM BERÇO;-90 C a -60 C;560565;TO;AS-0716;00019200000013789902;MultiModal;03/08/2026 00:41;-;-;03/08/2026 00:41;-
CAIXA 42L;CAIXA 42L SEM BERÇO;-90 C a -60 C;560565;TO;AS-0462;00019200000013789910;MultiModal;03/08/2026 00:41;-;-;03/08/2026 00:41;-
CAIXA 42L;CAIXA 42L SEM BERÇO;-90 C a -60 C;560565;TO;AS-0182;00019200000013789929;MultiModal;03/08/2026 00:41;-;-;03/08/2026 00:41;-
CAIXA 42L;CAIXA 42L SEM BERÇO;-30 C a -15 C;563104;TO;A9410;00019200000013863851;MultiModal;04/08/2026 23:37;-;-;04/08/2026 23:37;-
CAIXA 42L;CAIXA 42L SEM BERÇO;-30 C a -15 C;563104;TO;A6513;00019200000013863860;MultiModal;04/08/2026 23:37;-;-;04/08/2026 23:37;-
