dia_entrega;Pedido;Logger;prefixo;tipo_short;tipo_caixa;dia_coleta;coleta_antes_16;ultimo_sincronismo;dias_sync_antes_entrega;fonte_status
10/07/2026;560047;A5819;A;33L;FRAÇÃO 33L;09/07/2026;True;07/07/2026 23:46;2;SEM_HTML
10/07/2026;560047;TA1041;TA;42L;CAIXA 42L SEM BERÇO;09/07/2026;True;09/07/2026 03:10;0;SEM_HTML
10/07/2026;560051;A1773;A;VTCBOX 130L;CAIXA VTCBOX 130L WEDGE SEAL COM BERÇO;09/07/2026;True;08/07/2026 11:50;1;SEM_HTML
10/07/2026;560051;A6124;A;42L;CAIXA 42L SEM BERÇO;09/07/2026;True;08/07/2026 12:27;1;SEM_HTML
10/07/2026;560051;A6405;A;VTCBOX 130L;CAIXA VTCBOX 130L WEDGE SEAL COM BERÇO;09/07/2026;True;08/07/2026 12:42;1;SEM_HTML
10/07/2026;560051;A6705;A;VTCBOX 130L;CAIXA VTCBOX 130L WEDGE SEAL COM BERÇO;09/07/2026;True;08/07/2026 08:52;1;SEM_HTML
10/07/2026;560051;A8217;A;VTCBOX 130L;CAIXA VTCBOX 130L WEDGE SEAL COM BERÇO;09/07/2026;True;08/07/2026 12:29;1;SEM_HTML
10/07/2026;560051;A8600;A;VTCBOX 130L;CAIXA VTCBOX 130L WEDGE SEAL COM BERÇO;09/07/2026;True;08/07/2026 15:32;1;SEM_HTML
10/07/2026;560051;A9136;A;VTCBOX 130L;CAIXA VTCBOX 130L WEDGE SEAL COM BERÇO;09/07/2026;True;08/07/2026 12:33;1;SEM_HTML
10/07/2026;560051;A9604;A;VTCBOX 130L;CAIXA VTCBOX 130L WEDGE SEAL COM BERÇO;09/07/2026;True;08/07/2026 11:48;1;SEM_HTML
10/07/2026;560051;TA0232;TA;VTCBOX 130L;CAIXA VTCBOX 130L WEDGE SEAL COM BERÇO;09/07/2026;True;08/07/2026 11:49;1;SEM_HTML
10/07/2026;560078;A3120;A;VTCBOX 130L;CAIXA VTCBOX 130L WEDGE SEAL COM BERÇO;09/07/2026;True;08/07/2026 23:51;1;SEM_HTML
13/07/2026;560222;A6189;A;33L;FRAÇÃO 33L;09/07/2026;True;08/07/2026 02:14;4;SEM_HTML
13/07/2026;560223;A7198;A;33L;FRAÇÃO 33L;09/07/2026;True;07/07/2026 23:46;5;SEM_HTML
13/07/2026;560346;A3315;A;130L c/ berco;CAIXA 130L COM BERÇO;11/07/2026;True;09/07/2026 16:04;3;SEM_HTML
13/07/2026;560474;A8751;A;VTCBOX 130L;CAIXA VTCBOX 130L WEDGE SEAL COM BERÇO;09/07/2026;True;09/07/2026 03:08;3;SEM_HTML
13/07/2026;560487;A4395;A;33L;FRAÇÃO 33L;09/07/2026;True;09/07/2026 03:08;3;SEM_HTML
14/07/2026;559323;A6262;A;130L c/ berco;CAIXA 130L COM BERÇO;11/07/2026;True;09/07/2026 15:28;4;SEM_HTML
14/07/2026;559964;A5176;A;VTCBOX 130L;CAIXA VTCBOX 130L WEDGE SEAL COM BERÇO;13/07/2026;True;10/07/2026 14:45;3;SEM_HTML
14/07/2026;559964;A8277;A;VTCBOX 130L;CAIXA VTCBOX 130L WEDGE SEAL COM BERÇO;13/07/2026;True;09/07/2026 03:08;4;SEM_HTML
15/07/2026;559090;A0306;A;VTCBOX 130L;CAIXA VTCBOX 130L WEDGE SEAL COM BERÇO;13/07/2026;True;10/07/2026 15:40;4;SEM_HTML
15/07/2026;559931;A6134;A;VTCBOX 130L;CAIXA VTCBOX 130L WEDGE SEAL COM BERÇO;13/07/2026;True;29/10/2025 16:07;258;SEM_HTML
15/07/2026;559947;A3809;A;VTCBOX 130L;CAIXA VTCBOX 130L WEDGE SEAL COM BERÇO;13/07/2026;True;10/07/2026 16:30;4;SEM_HTML
15/07/2026;560304;A0647;A;VTCBOX 130L;CAIXA VTCBOX 130L WEDGE SEAL COM BERÇO;13/07/2026;True;09/07/2026 03:08;5;SEM_HTML
16/07/2026;560206;A6920;A;VTCBOX 130L;CAIXA VTCBOX 130L WEDGE SEAL COM BERÇO;13/07/2026;True;10/07/2026 15:02;5;SEM_HTML
16/07/2026;560359;A6228;A;130L c/ berco;CAIXA 130L COM BERÇO;14/07/2026;True;13/07/2026 08:59;2;SEM_HTML
16/07/2026;560359;A6763;A;130L c/ berco;CAIXA 130L COM BERÇO;14/07/2026;True;13/07/2026 12:21;2;SEM_HTML
16/07/2026;560359;A7033;A;130L c/ berco;CAIXA 130L COM BERÇO;14/07/2026;True;13/07/2026 14:57;2;SEM_HTML
16/07/2026;560403;A5480;A;VTCBOX 130L;CAIXA VTCBOX 130L WEDGE SEAL COM BERÇO;15/07/2026;True;14/07/2026 09:56;1;SEM_HTML
16/07/2026;560993;TA0729;TA;33L;FRAÇÃO 33L;15/07/2026;True;14/07/2026 11:05;1;SEM_HTML
17/07/2026;559963;TA0829;TA;VTCBOX 130L;CAIXA VTCBOX 130L WEDGE SEAL COM BERÇO;15/07/2026;True;14/07/2026 10:38;2;SEM_HTML
17/07/2026;560351;A4499;A;VTCBOX 130L;CAIXA VTCBOX 130L WEDGE SEAL COM BERÇO;16/07/2026;False;15/07/2026 22:04;1;SEM_HTML
17/07/2026;560351;A7744;A;VTCBOX 130L;CAIXA VTCBOX 130L WEDGE SEAL COM BERÇO;16/07/2026;False;15/07/2026 08:52;1;SEM_HTML
17/07/2026;560540;AS-0380;AS;130L PFIZER;CAIXA 130L PFIZER;15/07/2026;True;17/07/2026 11:48;-1;SEM_HTML
17/07/2026;560713;A5068;A;33L;FRAÇÃO 33L;16/07/2026;False;15/07/2026 08:51;1;SEM_HTML
17/07/2026;560727;A9084;A;130L c/ berco;CAIXA 130L COM BERÇO;15/07/2026;True;14/07/2026 17:13;2;SEM_HTML
20/07/2026;560689;A1808;A;VTCBOX 130L;CAIXA VTCBOX 130L WEDGE SEAL COM BERÇO;19/07/2026;False;18/07/2026 12:31;1;SEM_HTML
20/07/2026;560689;A3191;A;VTCBOX 130L;CAIXA VTCBOX 130L WEDGE SEAL COM BERÇO;19/07/2026;False;18/07/2026 13:06;1;SEM_HTML
20/07/2026;560689;A4434;A;VTCBOX 130L;CAIXA VTCBOX 130L WEDGE SEAL COM BERÇO;19/07/2026;False;18/07/2026 08:58;1;SEM_HTML
20/07/2026;560689;A4457;A;VTCBOX 130L;CAIXA VTCBOX 130L WEDGE SEAL COM BERÇO;19/07/2026;False;18/07/2026 08:29;1;SEM_HTML
20/07/2026;560689;A5023;A;VTCBOX 130L;CAIXA VTCBOX 130L WEDGE SEAL COM BERÇO;19/07/2026;False;18/07/2026 08:29;1;SEM_HTML
20/07/2026;560689;A5745;A;VTCBOX 130L;CAIXA VTCBOX 130L WEDGE SEAL COM BERÇO;19/07/2026;False;18/07/2026 09:47;1;SEM_HTML
20/07/2026;560689;A6211;A;VTCBOX 130L;CAIXA VTCBOX 130L WEDGE SEAL COM BERÇO;19/07/2026;False;18/07/2026 11:31;1;SEM_HTML
20/07/2026;560689;A7260;A;VTCBOX 130L;CAIXA VTCBOX 130L WEDGE SEAL COM BERÇO;19/07/2026;False;18/07/2026 10:47;1;SEM_HTML
20/07/2026;560689;A8320;A;VTCBOX 130L;CAIXA VTCBOX 130L WEDGE SEAL COM BERÇO;19/07/2026;False;18/07/2026 13:06;1;SEM_HTML
20/07/2026;560689;A8438;A;VTCBOX 130L;CAIXA VTCBOX 130L WEDGE SEAL COM BERÇO;19/07/2026;False;18/07/2026 09:50;1;SEM_HTML
20/07/2026;560689;A9429;A;VTCBOX 130L;CAIXA VTCBOX 130L WEDGE SEAL COM BERÇO;19/07/2026;False;18/07/2026 10:51;1;SEM_HTML
20/07/2026;560689;A9510;A;VTCBOX 130L;CAIXA VTCBOX 130L WEDGE SEAL COM BERÇO;19/07/2026;False;18/07/2026 12:32;1;SEM_HTML
20/07/2026;560689;A9612;A;VTCBOX 130L;CAIXA VTCBOX 130L WEDGE SEAL COM BERÇO;19/07/2026;False;18/07/2026 11:31;1;SEM_HTML
20/07/2026;560689;TA0538;TA;VTCBOX 130L;CAIXA VTCBOX 130L WEDGE SEAL COM BERÇO;19/07/2026;False;18/07/2026 09:51;1;SEM_HTML
20/07/2026;560694;A2177;A;VTCBOX 130L;CAIXA VTCBOX 130L WEDGE SEAL COM BERÇO;19/07/2026;False;17/07/2026 16:28;2;SEM_HTML
20/07/2026;560694;A4333;A;VTCBOX 130L;CAIXA VTCBOX 130L WEDGE SEAL COM BERÇO;19/07/2026;False;17/07/2026 11:38;2;SEM_HTML
20/07/2026;560694;A5107;A;VTCBOX 130L;CAIXA VTCBOX 130L WEDGE SEAL COM BERÇO;19/07/2026;False;17/07/2026 16:29;2;SEM_HTML
20/07/2026;560694;A6127;A;VTCBOX 130L;CAIXA VTCBOX 130L WEDGE SEAL COM BERÇO;19/07/2026;False;17/07/2026 14:19;2;SEM_HTML
20/07/2026;560694;A6380;A;VTCBOX 130L;CAIXA VTCBOX 130L WEDGE SEAL COM BERÇO;19/07/2026;False;17/07/2026 12:54;2;SEM_HTML
20/07/2026;561157;A1526;A;130L c/ berco;CAIXA 130L COM BERÇO;15/07/2026;True;14/07/2026 15:45;5;SEM_HTML
20/07/2026;561577;A8963;A;33L;FRAÇÃO 33L;20/07/2026;False;17/07/2026 12:26;2;SEM_HTML
21/07/2026;558827;A5228;A;VTCBOX 130L;CAIXA VTCBOX 130L WEDGE SEAL COM BERÇO;19/07/2026;False;21/07/2026 12:58;-1;SEM_HTML
21/07/2026;560335;A3725;A;VTCBOX 130L;CAIXA VTCBOX 130L WEDGE SEAL COM BERÇO;14/07/2026;True;14/07/2026 08:49;6;SEM_HTML
21/07/2026;560335;A6973;A;VTCBOX 130L;CAIXA VTCBOX 130L WEDGE SEAL COM BERÇO;14/07/2026;True;14/07/2026 09:36;6;SEM_HTML
21/07/2026;560690;A1070;A;VTCBOX 130L;CAIXA VTCBOX 130L WEDGE SEAL COM BERÇO;19/07/2026;False;18/07/2026 12:34;2;SEM_HTML
21/07/2026;560690;A1674;A;VTCBOX 130L;CAIXA VTCBOX 130L WEDGE SEAL COM BERÇO;19/07/2026;False;17/07/2026 09:51;3;SEM_HTML
21/07/2026;560690;A2665;A;VTCBOX 130L;CAIXA VTCBOX 130L WEDGE SEAL COM BERÇO;19/07/2026;False;18/07/2026 11:15;2;SEM_HTML
21/07/2026;560690;A3992;A;VTCBOX 130L;CAIXA VTCBOX 130L WEDGE SEAL COM BERÇO;19/07/2026;False;18/07/2026 10:35;2;SEM_HTML
21/07/2026;560690;A8908;A;VTCBOX 130L;CAIXA VTCBOX 130L WEDGE SEAL COM BERÇO;19/07/2026;False;17/07/2026 16:02;3;SEM_HTML
21/07/2026;560734;A1634;A;VTCBOX 130L;CAIXA VTCBOX 130L WEDGE SEAL COM BERÇO;20/07/2026;False;21/07/2026 13:04;-1;SEM_HTML
21/07/2026;560786;A8745;A;VTCBOX 130L;CAIXA VTCBOX 130L WEDGE SEAL COM BERÇO;20/07/2026;False;17/07/2026 09:12;3;SEM_HTML
21/07/2026;561482;A6204;A;VTCBOX 130L;CAIXA VTCBOX 130L WEDGE SEAL COM BERÇO;20/07/2026;False;17/07/2026 10:32;3;SEM_HTML
22/07/2026;560690;A1495;A;VTCBOX 130L;CAIXA VTCBOX 130L WEDGE SEAL COM BERÇO;21/07/2026;False;20/07/2026 15:04;1;SEM_HTML
22/07/2026;560690;A1866;A;VTCBOX 130L;CAIXA VTCBOX 130L WEDGE SEAL COM BERÇO;21/07/2026;False;20/07/2026 10:05;1;SEM_HTML
22/07/2026;560690;A1915;A;VTCBOX 130L;CAIXA VTCBOX 130L WEDGE SEAL COM BERÇO;21/07/2026;False;20/07/2026 10:44;1;SEM_HTML
22/07/2026;560690;A3719;A;VTCBOX 130L;CAIXA VTCBOX 130L WEDGE SEAL COM BERÇO;21/07/2026;False;20/07/2026 15:36;1;SEM_HTML
22/07/2026;560690;A3821;A;VTCBOX 130L;CAIXA VTCBOX 130L WEDGE SEAL COM BERÇO;21/07/2026;False;20/07/2026 12:32;1;SEM_HTML
22/07/2026;560690;A4882;A;VTCBOX 130L;CAIXA VTCBOX 130L WEDGE SEAL COM BERÇO;21/07/2026;False;20/07/2026 10:45;1;SEM_HTML
22/07/2026;560690;A4937;A;VTCBOX 130L;CAIXA VTCBOX 130L WEDGE SEAL COM BERÇO;21/07/2026;False;20/07/2026 15:03;1;SEM_HTML
22/07/2026;560690;A5671;A;VTCBOX 130L;CAIXA VTCBOX 130L WEDGE SEAL COM BERÇO;21/07/2026;False;20/07/2026 16:38;1;SEM_HTML
22/07/2026;560690;A5828;A;VTCBOX 130L;CAIXA VTCBOX 130L WEDGE SEAL COM BERÇO;21/07/2026;False;20/07/2026 15:35;1;SEM_HTML
22/07/2026;560690;A5975;A;VTCBOX 130L;CAIXA VTCBOX 130L WEDGE SEAL COM BERÇO;21/07/2026;False;20/07/2026 16:24;1;SEM_HTML
22/07/2026;560690;A6608;A;VTCBOX 130L;CAIXA VTCBOX 130L WEDGE SEAL COM BERÇO;21/07/2026;False;20/07/2026 12:42;1;SEM_HTML
22/07/2026;560690;A6755;A;VTCBOX 130L;CAIXA VTCBOX 130L WEDGE SEAL COM BERÇO;21/07/2026;False;20/07/2026 16:24;1;SEM_HTML
22/07/2026;560690;A6925;A;VTCBOX 130L;CAIXA VTCBOX 130L WEDGE SEAL COM BERÇO;21/07/2026;False;20/07/2026 17:01;1;SEM_HTML
22/07/2026;560690;A9414;A;VTCBOX 130L;CAIXA VTCBOX 130L WEDGE SEAL COM BERÇO;21/07/2026;False;20/07/2026 16:26;1;SEM_HTML
22/07/2026;560690;A9421;A;VTCBOX 130L;CAIXA VTCBOX 130L WEDGE SEAL COM BERÇO;21/07/2026;False;20/07/2026 10:43;1;SEM_HTML
22/07/2026;560690;A9643;A;VTCBOX 130L;CAIXA VTCBOX 130L WEDGE SEAL COM BERÇO;21/07/2026;False;20/07/2026 15:35;1;SEM_HTML
22/07/2026;560690;TA0448;TA;VTCBOX 130L;CAIXA VTCBOX 130L WEDGE SEAL COM BERÇO;21/07/2026;False;20/07/2026 10:04;1;SEM_HTML
22/07/2026;560709;A2214;A;130L c/ berco;CAIXA 130L COM BERÇO;21/07/2026;False;17/07/2026 16:29;4;SEM_HTML
22/07/2026;560758;TA0248;TA;130L c/ berco;CAIXA 130L COM BERÇO;20/07/2026;False;18/07/2026 13:09;3;SEM_HTML
22/07/2026;561398;A1445;A;33L;FRAÇÃO 33L;20/07/2026;False;17/07/2026 11:34;4;SEM_HTML
22/07/2026;561475;A7503;A;33L;FRAÇÃO 33L;20/07/2026;False;17/07/2026 12:18;4;SEM_HTML
22/07/2026;561477;A2626;A;33L;FRAÇÃO 33L;20/07/2026;False;17/07/2026 16:01;4;SEM_HTML
22/07/2026;561478;TA0573;TA;33L;FRAÇÃO 33L;20/07/2026;False;18/07/2026 10:36;3;SEM_HTML
22/07/2026;561479;A9193;A;33L;FRAÇÃO 33L;20/07/2026;False;18/07/2026 12:34;3;SEM_HTML
22/07/2026;561481;TA0828;TA;33L;FRAÇÃO 33L;20/07/2026;False;18/07/2026 10:14;3;SEM_HTML
23/07/2026;560574;AS-0019;AS;42L;CAIXA 42L SEM BERÇO;21/07/2026;False;21/07/2026 09:37;1;SEM_HTML
23/07/2026;560574;AS-0160;AS;42L;CAIXA 42L SEM BERÇO;21/07/2026;False;21/07/2026 09:14;1;SEM_HTML
23/07/2026;560574;AS-0487;AS;42L;CAIXA 42L SEM BERÇO;21/07/2026;False;21/07/2026 09:16;1;SEM_HTML
23/07/2026;560685;A9420;A;VTCBOX 130L;CAIXA VTCBOX 130L WEDGE SEAL COM BERÇO;22/07/2026;False;14/07/2026 08:08;8;SEM_HTML
23/07/2026;560689;A2876;A;VTCBOX 130L;CAIXA VTCBOX 130L WEDGE SEAL COM BERÇO;22/07/2026;False;07/07/2026 11:12;15;SEM_HTML
23/07/2026;560689;A3265;A;VTCBOX 130L;CAIXA VTCBOX 130L WEDGE SEAL COM BERÇO;22/07/2026;False;09/07/2026 14:22;13;SEM_HTML
23/07/2026;560689;A5731;A;VTCBOX 130L;CAIXA VTCBOX 130L WEDGE SEAL COM BERÇO;22/07/2026;False;21/07/2026 19:08;1;SEM_HTML
23/07/2026;560689;A6256;A;VTCBOX 130L;CAIXA VTCBOX 130L WEDGE SEAL COM BERÇO;22/07/2026;False;10/07/2026 13:07;12;SEM_HTML
23/07/2026;560689;A8229;A;VTCBOX 130L;CAIXA VTCBOX 130L WEDGE SEAL COM BERÇO;22/07/2026;False;07/07/2026 09:18;15;SEM_HTML
23/07/2026;560689;A9378;A;VTCBOX 130L;CAIXA VTCBOX 130L WEDGE SEAL COM BERÇO;22/07/2026;False;21/07/2026 19:24;1;SEM_HTML
23/07/2026;560689;A9527;A;VTCBOX 130L;CAIXA VTCBOX 130L WEDGE SEAL COM BERÇO;22/07/2026;False;14/07/2026 08:17;8;SEM_HTML
23/07/2026;560689;A9559;A;VTCBOX 130L;CAIXA VTCBOX 130L WEDGE SEAL COM BERÇO;22/07/2026;False;21/07/2026 20:23;1;SEM_HTML
23/07/2026;561503;TA0233;TA;VTCBOX 130L;CAIXA VTCBOX 130L WEDGE SEAL COM BERÇO;22/07/2026;False;21/07/2026 00:10;1;SEM_HTML
23/07/2026;561697;A2566;A;33L;FRAÇÃO 33L;22/07/2026;False;08/07/2026 14:52;14;SEM_HTML
23/07/2026;561713;A8651;A;VTCBOX 130L;CAIXA VTCBOX 130L WEDGE SEAL COM BERÇO;22/07/2026;False;21/07/2026 20:38;1;SEM_HTML
23/07/2026;561763;TA0307;TA;33L;FRAÇÃO 33L;21/07/2026;False;21/07/2026 19:08;1;SEM_HTML
24/07/2026;560753;A1261;A;VTCBOX 130L;CAIXA VTCBOX 130L WEDGE SEAL COM BERÇO;23/07/2026;False;21/07/2026 20:22;2;SEM_HTML
24/07/2026;560753;TA0482;TA;VTCBOX 130L;CAIXA VTCBOX 130L WEDGE SEAL COM BERÇO;23/07/2026;False;03/07/2026 13:13;20;SEM_HTML
24/07/2026;560755;A0531;A;VTCBOX 130L;CAIXA VTCBOX 130L WEDGE SEAL COM BERÇO;23/07/2026;False;22/07/2026 21:26;1;SEM_HTML
24/07/2026;560755;A3271;A;VTCBOX 130L;CAIXA VTCBOX 130L WEDGE SEAL COM BERÇO;23/07/2026;False;22/07/2026 21:25;1;SEM_HTML
24/07/2026;560755;A4424;A;VTCBOX 130L;CAIXA VTCBOX 130L WEDGE SEAL COM BERÇO;23/07/2026;False;22/07/2026 21:26;1;SEM_HTML
24/07/2026;560755;A5076;A;VTCBOX 130L;CAIXA VTCBOX 130L WEDGE SEAL COM BERÇO;23/07/2026;False;22/07/2026 21:26;1;SEM_HTML
24/07/2026;560755;A6910;A;VTCBOX 130L;CAIXA VTCBOX 130L WEDGE SEAL COM BERÇO;23/07/2026;False;22/07/2026 21:31;1;SEM_HTML
24/07/2026;560755;TA0212;TA;VTCBOX 130L;CAIXA VTCBOX 130L WEDGE SEAL COM BERÇO;23/07/2026;False;22/07/2026 21:32;1;SEM_HTML
24/07/2026;560755;TA0477;TA;VTCBOX 130L;CAIXA VTCBOX 130L WEDGE SEAL COM BERÇO;23/07/2026;False;22/07/2026 21:26;1;SEM_HTML
24/07/2026;560755;TA1061;TA;VTCBOX 130L;CAIXA VTCBOX 130L WEDGE SEAL COM BERÇO;23/07/2026;False;22/07/2026 21:32;1;SEM_HTML
24/07/2026;561254;A3155;A;VTCBOX 130L;CAIXA VTCBOX 130L WEDGE SEAL COM BERÇO;23/07/2026;False;22/07/2026 21:27;1;SEM_HTML
25/07/2026;560692;A8309;A;VTCBOX 130L;CAIXA VTCBOX 130L WEDGE SEAL COM BERÇO;24/07/2026;False;22/07/2026 17:24;2;SEM_HTML
25/07/2026;560692;A9498;A;VTCBOX 130L;CAIXA VTCBOX 130L WEDGE SEAL COM BERÇO;24/07/2026;False;23/07/2026 09:20;1;SEM_HTML
25/07/2026;560830;A3980;A;VTCBOX 130L;CAIXA VTCBOX 130L WEDGE SEAL COM BERÇO;21/07/2026;False;21/07/2026 00:10;3;SEM_HTML
27/07/2026;560765;A6147;A;VTCBOX 130L;CAIXA VTCBOX 130L WEDGE SEAL COM BERÇO;26/07/2026;False;24/07/2026 13:26;2;SEM_HTML
27/07/2026;560765;TA0076;TA;VTCBOX 130L;CAIXA VTCBOX 130L WEDGE SEAL COM BERÇO;26/07/2026;False;24/07/2026 12:53;2;SEM_HTML
27/07/2026;560769;A3741;A;130L c/ berco;CAIXA 130L COM BERÇO;26/07/2026;False;25/07/2026 13:15;1;SEM_HTML
27/07/2026;562145;A5822;A;33L;FRAÇÃO 33L;26/07/2026;False;24/07/2026 09:28;2;SEM_HTML
27/07/2026;562182;TA0941;TA;33L;FRAÇÃO 33L;26/07/2026;False;24/07/2026 09:28;2;SEM_HTML
27/07/2026;562230;A7041;A;VTCBOX 130L;CAIXA VTCBOX 130L WEDGE SEAL COM BERÇO;26/07/2026;False;23/07/2026 20:35;3;SEM_HTML
28/07/2026;560739;A0479;A;VTCBOX 130L;CAIXA VTCBOX 130L WEDGE SEAL COM BERÇO;26/07/2026;False;25/07/2026 21:23;2;SEM_HTML
28/07/2026;560739;A3108;A;VTCBOX 130L;CAIXA VTCBOX 130L WEDGE SEAL COM BERÇO;26/07/2026;False;25/07/2026 21:20;2;SEM_HTML
28/07/2026;562139;A7340;A;VTCBOX 130L;CAIXA VTCBOX 130L WEDGE SEAL COM BERÇO;26/07/2026;False;23/07/2026 09:23;4;SEM_HTML
28/07/2026;562148;A3854;A;33L;FRAÇÃO 33L;26/07/2026;False;24/07/2026 13:38;3;SEM_HTML
28/07/2026;562203;A7917;A;VTCBOX 130L;CAIXA VTCBOX 130L WEDGE SEAL COM BERÇO;26/07/2026;False;23/07/2026 20:58;4;SEM_HTML
29/07/2026;557120;A8897;A;130L c/ berco;CAIXA 130L COM BERÇO;27/07/2026;False;27/07/2026 15:27;1;SEM_HTML
29/07/2026;557120;A8999;A;130L c/ berco;CAIXA 130L COM BERÇO;27/07/2026;False;12/06/2026 09:37;46;SEM_HTML
29/07/2026;560547;AS-0154;AS;42L;CAIXA 42L SEM BERÇO;27/07/2026;False;27/07/2026 09:41;1;SEM_HTML
29/07/2026;560547;AS-0226;AS;42L;CAIXA 42L SEM BERÇO;27/07/2026;False;27/07/2026 09:41;1;SEM_HTML
29/07/2026;560686;A3062;A;130L c/ berco;CAIXA 130L COM BERÇO;27/07/2026;False;26/07/2026 23:52;2;SEM_HTML
29/07/2026;561994;TA0352;TA;VTCBOX 130L;CAIXA VTCBOX 130L WEDGE SEAL COM BERÇO;26/07/2026;False;24/07/2026 08:46;4;SEM_HTML
29/07/2026;562189;A1964;A;33L;FRAÇÃO 33L;28/07/2026;False;26/07/2026 23:51;2;SEM_HTML
29/07/2026;562284;A3872;A;33L;FRAÇÃO 33L;28/07/2026;False;27/07/2026 17:10;1;SEM_HTML
29/07/2026;562290;A8536;A;33L;FRAÇÃO 33L;28/07/2026;False;27/07/2026 17:09;1;SEM_HTML
29/07/2026;562291;TA0945;TA;VTCBOX 130L;CAIXA VTCBOX 130L WEDGE SEAL COM BERÇO;28/07/2026;False;26/07/2026 23:38;2;SEM_HTML
30/07/2026;560505;TA0487;TA;130L c/ berco;CAIXA 130L COM BERÇO;29/07/2026;False;12/06/2026 17:46;47;SEM_HTML
30/07/2026;562077;A1051;A;VTCBOX 130L;CAIXA VTCBOX 130L WEDGE SEAL COM BERÇO;26/07/2026;False;23/07/2026 09:16;6;SEM_HTML
30/07/2026;562175;A7813;A;VTCBOX 130L;CAIXA VTCBOX 130L WEDGE SEAL COM BERÇO;26/07/2026;False;23/07/2026 20:37;6;SEM_HTML
30/07/2026;562277;A8232;A;VTCBOX 130L;CAIXA VTCBOX 130L WEDGE SEAL COM BERÇO;28/07/2026;False;26/07/2026 23:37;3;SEM_HTML
31/07/2026;560674;A9028;A;130L c/ berco;CAIXA 130L COM BERÇO;30/07/2026;False;28/07/2026 21:01;2;SEM_HTML
31/07/2026;562372;A7225;A;VTCBOX 130L;CAIXA VTCBOX 130L WEDGE SEAL COM BERÇO;28/07/2026;False;26/07/2026 23:38;4;SEM_HTML
01/08/2026;561869;A6882;A;33L;FRAÇÃO 33L;30/07/2026;False;29/07/2026 16:38;2;SEM_HTML
03/08/2026;560753;A5386;A;VTCBOX 130L;CAIXA VTCBOX 130L WEDGE SEAL COM BERÇO;22/07/2026;False;21/07/2026 19:34;12;SEM_HTML
03/08/2026;561025;A0465;A;VTCBOX 130L;CAIXA VTCBOX 130L WEDGE SEAL COM BERÇO;30/07/2026;False;29/07/2026 17:16;4;SEM_HTML
03/08/2026;561025;A0693;A;VTCBOX 130L;CAIXA VTCBOX 130L WEDGE SEAL COM BERÇO;30/07/2026;False;29/07/2026 16:14;4;SEM_HTML
03/08/2026;561025;A0713;A;VTCBOX 130L;CAIXA VTCBOX 130L WEDGE SEAL COM BERÇO;30/07/2026;False;29/07/2026 16:22;4;SEM_HTML
03/08/2026;561025;A1162;A;VTCBOX 130L;CAIXA VTCBOX 130L WEDGE SEAL COM BERÇO;30/07/2026;False;29/07/2026 16:56;4;SEM_HTML
03/08/2026;561025;A3268;A;VTCBOX 130L;CAIXA VTCBOX 130L WEDGE SEAL COM BERÇO;30/07/2026;False;29/07/2026 16:25;4;SEM_HTML
03/08/2026;561025;A3467;A;VTCBOX 130L;CAIXA VTCBOX 130L WEDGE SEAL COM BERÇO;30/07/2026;False;29/07/2026 16:27;4;SEM_HTML
03/08/2026;561025;A8079;A;VTCBOX 130L;CAIXA VTCBOX 130L WEDGE SEAL COM BERÇO;30/07/2026;False;29/07/2026 16:55;4;SEM_HTML
03/08/2026;561025;A9188;A;VTCBOX 130L;CAIXA VTCBOX 130L WEDGE SEAL COM BERÇO;30/07/2026;False;29/07/2026 16:56;4;SEM_HTML
03/08/2026;561025;TA0652;TA;VTCBOX 130L;CAIXA VTCBOX 130L WEDGE SEAL COM BERÇO;30/07/2026;False;29/07/2026 16:13;4;SEM_HTML
03/08/2026;561025;TA1160;TA;VTCBOX 130L;CAIXA VTCBOX 130L WEDGE SEAL COM BERÇO;30/07/2026;False;28/07/2026 21:00;5;SEM_HTML
03/08/2026;562287;A3874;A;VTCBOX 130L;CAIXA VTCBOX 130L WEDGE SEAL COM BERÇO;28/07/2026;False;26/07/2026 23:12;7;SEM_HTML
03/08/2026;562554;A2823;A;33L;FRAÇÃO 33L;30/07/2026;False;28/07/2026 21:05;5;SEM_HTML
04/08/2026;562564;A7806;A;33L;FRAÇÃO 33L;02/08/2026;False;29/07/2026 09:10;5;SEM_HTML
04/08/2026;562683;A8489;A;33L;FRAÇÃO 33L;01/08/2026;False;29/07/2026 14:01;5;SEM_HTML
04/08/2026;562694;A5596;A;33L;FRAÇÃO 33L;01/08/2026;False;29/07/2026 09:28;5;SEM_HTML
04/08/2026;562724;A6088;A;VTCBOX 130L;CAIXA VTCBOX 130L WEDGE SEAL COM BERÇO;01/08/2026;False;29/07/2026 17:21;5;SEM_HTML
04/08/2026;562745;A1347;A;33L;FRAÇÃO 33L;01/08/2026;False;28/07/2026 21:01;6;SEM_HTML
04/08/2026;562822;A0119;A;VTCBOX 130L;CAIXA VTCBOX 130L WEDGE SEAL COM BERÇO;01/08/2026;False;29/07/2026 17:17;5;SEM_HTML
04/08/2026;562959;A0052;A;VTCBOX 130L;CAIXA VTCBOX 130L WEDGE SEAL COM BERÇO;04/08/2026;False;29/07/2026 16:11;5;SEM_HTML
05/08/2026;562657;A5878;A;VTCBOX 130L;CAIXA VTCBOX 130L WEDGE SEAL COM BERÇO;03/08/2026;False;29/07/2026 16:52;6;SEM_HTML
05/08/2026;562657;A7598;A;VTCBOX 130L;CAIXA VTCBOX 130L WEDGE SEAL COM BERÇO;03/08/2026;False;29/07/2026 16:35;6;SEM_HTML
05/08/2026;562657;A7734;A;VTCBOX 130L;CAIXA VTCBOX 130L WEDGE SEAL COM BERÇO;03/08/2026;False;29/07/2026 16:38;6;SEM_HTML
05/08/2026;562657;A7830;A;VTCBOX 130L;CAIXA VTCBOX 130L WEDGE SEAL COM BERÇO;03/08/2026;False;29/07/2026 16:55;6;SEM_HTML
05/08/2026;562657;A7894;A;VTCBOX 130L;CAIXA VTCBOX 130L WEDGE SEAL COM BERÇO;03/08/2026;False;29/07/2026 17:20;6;SEM_HTML
05/08/2026;562657;A8064;A;VTCBOX 130L;CAIXA VTCBOX 130L WEDGE SEAL COM BERÇO;03/08/2026;False;29/07/2026 16:54;6;SEM_HTML
05/08/2026;562657;TA1148;TA;VTCBOX 130L;CAIXA VTCBOX 130L WEDGE SEAL COM BERÇO;03/08/2026;False;29/07/2026 16:23;6;SEM_HTML
05/08/2026;562699;TA0132;TA;33L;FRAÇÃO 33L;03/08/2026;False;29/07/2026 16:34;6;SEM_HTML
05/08/2026;562726;A3444;A;33L;FRAÇÃO 33L;01/08/2026;False;29/07/2026 09:46;6;SEM_HTML
05/08/2026;562731;TA0484;TA;33L;FRAÇÃO 33L;01/08/2026;False;29/07/2026 10:12;6;SEM_HTML
05/08/2026;562733;A6783;A;130L c/ berco;CAIXA 130L COM BERÇO;01/08/2026;False;29/07/2026 09:28;6;SEM_HTML
05/08/2026;562836;A5185;A;33L;FRAÇÃO 33L;01/08/2026;False;29/07/2026 16:25;6;SEM_HTML
05/08/2026;562937;A4383;A;VTCBOX 130L;CAIXA VTCBOX 130L WEDGE SEAL COM BERÇO;03/08/2026;False;29/07/2026 16:26;6;SEM_HTML
06/08/2026;562713;A8434;A;VTCBOX 130L;CAIXA VTCBOX 130L WEDGE SEAL COM BERÇO;04/08/2026;False;01/08/2026 10:39;4;SEM_HTML
06/08/2026;562955;A6433;A;VTCBOX 130L;CAIXA VTCBOX 130L WEDGE SEAL COM BERÇO;03/08/2026;False;29/07/2026 16:50;7;SEM_HTML
07/08/2026;562843;A6664;A;VTCBOX 130L;CAIXA VTCBOX 130L WEDGE SEAL COM BERÇO;06/08/2026;False;07/08/2026 12:47;-1;SEM_HTML
07/08/2026;562929;A5296;A;VTCBOX 130L;CAIXA VTCBOX 130L WEDGE SEAL COM BERÇO;06/08/2026;False;30/07/2026 16:52;7;SEM_HTML
07/08/2026;562929;A7934;A;VTCBOX 130L;CAIXA VTCBOX 130L WEDGE SEAL COM BERÇO;06/08/2026;False;01/08/2026 09:14;5;SEM_HTML
07/08/2026;562929;TA0513;TA;VTCBOX 130L;CAIXA VTCBOX 130L WEDGE SEAL COM BERÇO;06/08/2026;False;01/08/2026 10:16;5;SEM_HTML
07/08/2026;562929;TA0575;TA;VTCBOX 130L;CAIXA VTCBOX 130L WEDGE SEAL COM BERÇO;06/08/2026;False;31/07/2026 09:50;6;SEM_HTML
07/08/2026;563155;A0969;A;VTCBOX 130L;CAIXA VTCBOX 130L WEDGE SEAL COM BERÇO;06/08/2026;False;04/08/2026 09:29;2;SEM_HTML
07/08/2026;563325;TA0949;TA;42L;CAIXA 42L SEM BERÇO;06/08/2026;False;05/08/2026 09:01;1;SEM_HTML
07/08/2026;563331;A0199;A;VTCBOX 130L;CAIXA VTCBOX 130L WEDGE SEAL COM BERÇO;06/08/2026;False;05/08/2026 10:12;1;SEM_HTML
07/08/2026;563608;A7189;A;VTCBOX 130L;CAIXA VTCBOX 130L WEDGE SEAL COM BERÇO;07/08/2026;False;04/08/2026 10:12;2;SEM_HTML
07/08/2026;563608;A7388;A;VTCBOX 130L;CAIXA VTCBOX 130L WEDGE SEAL COM BERÇO;07/08/2026;False;04/08/2026 10:14;2;SEM_HTML
07/08/2026;563608;TA0118;TA;VTCBOX 130L;CAIXA VTCBOX 130L WEDGE SEAL COM BERÇO;07/08/2026;False;04/08/2026 16:43;2;SEM_HTML
07/08/2026;563608;TA0899;TA;VTCBOX 130L;CAIXA VTCBOX 130L WEDGE SEAL COM BERÇO;07/08/2026;False;04/08/2026 16:41;2;SEM_HTML
07/08/2026;563614;A7532;A;VTCBOX 130L;CAIXA VTCBOX 130L WEDGE SEAL COM BERÇO;06/08/2026;False;05/08/2026 10:10;1;SEM_HTML
07/08/2026;563673;A4613;A;42L;CAIXA 42L SEM BERÇO;07/08/2026;False;05/08/2026 11:30;1;SEM_HTML
08/08/2026;563421;A6972;A;VTCBOX 130L;CAIXA VTCBOX 130L WEDGE SEAL COM BERÇO;06/08/2026;False;31/07/2026 11:39;7;SEM_HTML
10/08/2026;563300;A8393;A;33L;FRAÇÃO 33L;04/08/2026;False;31/07/2026 12:11;9;SEM_HTML
10/08/2026;563347;A6978;A;33L;FRAÇÃO 33L;06/08/2026;False;30/07/2026 12:01;10;SEM_HTML
10/08/2026;563777;A4841;A;VTCBOX 130L;CAIXA VTCBOX 130L WEDGE SEAL COM BERÇO;08/08/2026;False;04/08/2026 10:11;5;SEM_HTML
11/08/2026;562616;A6651;A;VTCBOX 130L;CAIXA VTCBOX 130L WEDGE SEAL COM BERÇO;10/08/2026;False;11/08/2026 13:34;-1;SEM_HTML
11/08/2026;562929;A6448;A;VTCBOX 130L;CAIXA VTCBOX 130L WEDGE SEAL COM BERÇO;10/08/2026;False;31/07/2026 13:13;10;SEM_HTML
11/08/2026;562929;A7250;A;VTCBOX 130L;CAIXA VTCBOX 130L WEDGE SEAL COM BERÇO;10/08/2026;False;31/07/2026 09:59;10;SEM_HTML
11/08/2026;562929;A9688;A;VTCBOX 130L;CAIXA VTCBOX 130L WEDGE SEAL COM BERÇO;10/08/2026;False;30/07/2026 12:57;11;SEM_HTML
11/08/2026;563757;A6082;A;33L;FRAÇÃO 33L;08/08/2026;False;07/08/2026 11:47;3;SEM_HTML
11/08/2026;563876;TA0014;TA;33L;FRAÇÃO 33L;10/08/2026;False;04/08/2026 11:01;6;SEM_HTML
12/08/2026;562769;A3754;A;VTCBOX 130L;CAIXA VTCBOX 130L WEDGE SEAL COM BERÇO;11/08/2026;False;09/08/2026 19:08;2;SEM_HTML
12/08/2026;563032;A8748;A;VTCBOX 130L;CAIXA VTCBOX 130L WEDGE SEAL COM BERÇO;10/08/2026;False;12/08/2026 10:05;-1;SEM_HTML
12/08/2026;563049;A7843;A;VTCBOX 130L;CAIXA VTCBOX 130L WEDGE SEAL COM BERÇO;10/08/2026;False;07/08/2026 15:31;4;SEM_HTML
12/08/2026;563174;A8722;A;VTCBOX 130L;CAIXA VTCBOX 130L WEDGE SEAL COM BERÇO;04/08/2026;False;30/07/2026 16:31;12;SEM_HTML
12/08/2026;563196;A3789;A;VTCBOX 130L;CAIXA VTCBOX 130L WEDGE SEAL COM BERÇO;10/08/2026;False;09/08/2026 19:24;2;SEM_HTML
12/08/2026;563295;A5334;A;VTCBOX 130L;CAIXA VTCBOX 130L WEDGE SEAL COM BERÇO;10/08/2026;False;12/08/2026 15:31;-1;SEM_HTML
12/08/2026;563306;TA0226;TA;42L;CAIXA 42L SEM BERÇO;10/08/2026;False;07/08/2026 13:23;4;SEM_HTML
12/08/2026;563460;A4806;A;33L;FRAÇÃO 33L;10/08/2026;False;01/08/2026 10:13;10;SEM_HTML
12/08/2026;563852;TA0614;TA;33L;FRAÇÃO 33L;10/08/2026;False;04/08/2026 10:29;7;SEM_HTML
13/08/2026;563920;TA1094;TA;VTCBOX 130L;CAIXA VTCBOX 130L WEDGE SEAL COM BERÇO;11/08/2026;False;10/08/2026 11:53;2;SEM_HTML
13/08/2026;564000;A1879;A;VTCBOX 130L;CAIXA VTCBOX 130L WEDGE SEAL COM BERÇO;11/08/2026;False;10/08/2026 14:47;2;SEM_HTML
13/08/2026;564000;A2318;A;VTCBOX 130L;CAIXA VTCBOX 130L WEDGE SEAL COM BERÇO;11/08/2026;False;10/08/2026 14:46;2;SEM_HTML
13/08/2026;564028;A7653;A;33L;FRAÇÃO 33L;12/08/2026;False;10/08/2026 13:12;2;SEM_HTML
13/08/2026;564035;A7992;A;VTCBOX 130L;CAIXA VTCBOX 130L WEDGE SEAL COM BERÇO;11/08/2026;False;10/08/2026 10:40;2;SEM_HTML
13/08/2026;564181;A5522;A;VTCBOX 130L;CAIXA VTCBOX 130L WEDGE SEAL COM BERÇO;11/08/2026;False;07/08/2026 11:34;5;SEM_HTML
13/08/2026;564232;A7371;A;VTCBOX 130L;CAIXA VTCBOX 130L WEDGE SEAL COM BERÇO;13/08/2026;False;10/08/2026 14:46;2;SEM_HTML
14/08/2026;563406;A6560;A;VTCBOX 130L;CAIXA VTCBOX 130L WEDGE SEAL COM BERÇO;12/08/2026;False;10/08/2026 13:14;3;SEM_HTML
14/08/2026;563718;A0662;A;VTCBOX 130L;CAIXA VTCBOX 130L WEDGE SEAL COM BERÇO;13/08/2026;False;10/08/2026 10:39;3;SEM_HTML
14/08/2026;563718;A6205;A;VTCBOX 130L;CAIXA VTCBOX 130L WEDGE SEAL COM BERÇO;13/08/2026;False;10/08/2026 14:51;3;SEM_HTML
14/08/2026;563801;A3935;A;VTCBOX 130L;CAIXA VTCBOX 130L WEDGE SEAL COM BERÇO;13/08/2026;False;09/08/2026 18:54;4;SEM_HTML
14/08/2026;563801;A7994;A;VTCBOX 130L;CAIXA VTCBOX 130L WEDGE SEAL COM BERÇO;13/08/2026;False;10/08/2026 14:47;3;SEM_HTML
14/08/2026;563801;TA0250;TA;VTCBOX 130L;CAIXA VTCBOX 130L WEDGE SEAL COM BERÇO;13/08/2026;False;10/08/2026 13:13;3;SEM_HTML
14/08/2026;563919;A2135;A;VTCBOX 130L;CAIXA VTCBOX 130L WEDGE SEAL COM BERÇO;13/08/2026;False;10/08/2026 09:14;3;SEM_HTML
14/08/2026;563919;A5547;A;VTCBOX 130L;CAIXA VTCBOX 130L WEDGE SEAL COM BERÇO;13/08/2026;False;12/08/2026 11:11;1;SEM_HTML
14/08/2026;563919;A8120;A;VTCBOX 130L;CAIXA VTCBOX 130L WEDGE SEAL COM BERÇO;13/08/2026;False;12/08/2026 10:27;1;SEM_HTML
14/08/2026;563921;A5115;A;VTCBOX 130L;CAIXA VTCBOX 130L WEDGE SEAL COM BERÇO;11/08/2026;False;10/08/2026 10:41;3;SEM_HTML
14/08/2026;563924;A0795;A;VTCBOX 130L;CAIXA VTCBOX 130L WEDGE SEAL COM BERÇO;13/08/2026;False;10/08/2026 12:07;3;SEM_HTML
14/08/2026;563924;A3141;A;VTCBOX 130L;CAIXA VTCBOX 130L WEDGE SEAL COM BERÇO;13/08/2026;False;12/08/2026 09:41;1;SEM_HTML
14/08/2026;563924;A5037;A;VTCBOX 130L;CAIXA VTCBOX 130L WEDGE SEAL COM BERÇO;13/08/2026;False;12/08/2026 15:10;1;SEM_HTML
14/08/2026;563924;A5593;A;VTCBOX 130L;CAIXA VTCBOX 130L WEDGE SEAL COM BERÇO;13/08/2026;False;12/08/2026 11:13;1;SEM_HTML
14/08/2026;563924;A8565;A;VTCBOX 130L;CAIXA VTCBOX 130L WEDGE SEAL COM BERÇO;13/08/2026;False;10/08/2026 14:48;3;SEM_HTML
14/08/2026;563924;A9399;A;VTCBOX 130L;CAIXA VTCBOX 130L WEDGE SEAL COM BERÇO;13/08/2026;False;10/08/2026 12:37;3;SEM_HTML
14/08/2026;564020;A1406;A;VTCBOX 130L;CAIXA VTCBOX 130L WEDGE SEAL COM BERÇO;13/08/2026;False;12/08/2026 11:07;1;SEM_HTML
14/08/2026;564020;A6373;A;VTCBOX 130L;CAIXA VTCBOX 130L WEDGE SEAL COM BERÇO;13/08/2026;False;12/08/2026 10:43;1;SEM_HTML
14/08/2026;564020;A6391;A;VTCBOX 130L;CAIXA VTCBOX 130L WEDGE SEAL COM BERÇO;13/08/2026;False;12/08/2026 11:19;1;SEM_HTML
14/08/2026;564020;A8924;A;VTCBOX 130L;CAIXA VTCBOX 130L WEDGE SEAL COM BERÇO;13/08/2026;False;10/08/2026 10:54;3;SEM_HTML
14/08/2026;564171;A7264;A;33L;FRAÇÃO 33L;13/08/2026;False;10/08/2026 11:51;3;SEM_HTML
14/08/2026;564218;A5163;A;VTCBOX 130L;CAIXA VTCBOX 130L WEDGE SEAL COM BERÇO;13/08/2026;False;14/08/2026 15:24;-1;SEM_HTML
14/08/2026;564295;A6729;A;33L;FRAÇÃO 33L;13/08/2026;False;12/08/2026 09:41;1;SEM_HTML
14/08/2026;564300;A6861;A;42L;CAIXA 42L SEM BERÇO;13/08/2026;False;10/08/2026 12:51;3;SEM_HTML
14/08/2026;564310;A7684;A;VTCBOX 130L;CAIXA VTCBOX 130L WEDGE SEAL COM BERÇO;13/08/2026;False;10/08/2026 15:25;3;SEM_HTML
14/08/2026;564318;A2074;A;33L;FRAÇÃO 33L;13/08/2026;False;10/08/2026 16:15;3;SEM_HTML
14/08/2026;564322;A7450;A;33L;FRAÇÃO 33L;14/08/2026;False;12/08/2026 09:44;1;SEM_HTML
17/08/2026;563197;A0543;A;VTCBOX 130L;CAIXA VTCBOX 130L WEDGE SEAL COM BERÇO;16/08/2026;False;11/08/2026 09:21;5;SEM_HTML
17/08/2026;563197;A3075;A;VTCBOX 130L;CAIXA VTCBOX 130L WEDGE SEAL COM BERÇO;16/08/2026;False;15/08/2026 12:03;1;SEM_HTML
17/08/2026;563197;A6200;A;VTCBOX 130L;CAIXA VTCBOX 130L WEDGE SEAL COM BERÇO;16/08/2026;False;14/08/2026 08:49;2;SEM_HTML
17/08/2026;563197;A6358;A;VTCBOX 130L;CAIXA VTCBOX 130L WEDGE SEAL COM BERÇO;16/08/2026;False;15/08/2026 12:02;1;SEM_HTML
17/08/2026;563197;A8008;A;VTCBOX 130L;CAIXA VTCBOX 130L WEDGE SEAL COM BERÇO;16/08/2026;False;13/08/2026 17:14;3;SEM_HTML
17/08/2026;563197;TA0332;TA;VTCBOX 130L;CAIXA VTCBOX 130L WEDGE SEAL COM BERÇO;16/08/2026;False;15/08/2026 12:04;1;SEM_HTML
17/08/2026;563197;TA0959;TA;VTCBOX 130L;CAIXA VTCBOX 130L WEDGE SEAL COM BERÇO;16/08/2026;False;13/08/2026 09:22;3;SEM_HTML
17/08/2026;563197;TA1246;TA;VTCBOX 130L;CAIXA VTCBOX 130L WEDGE SEAL COM BERÇO;16/08/2026;False;14/08/2026 08:50;2;SEM_HTML
17/08/2026;564216;A5661;A;VTCBOX 130L;CAIXA VTCBOX 130L WEDGE SEAL COM BERÇO;15/08/2026;False;17/08/2026 14:59;-1;SEM_HTML
17/08/2026;564216;A5849;A;VTCBOX 130L;CAIXA VTCBOX 130L WEDGE SEAL COM BERÇO;15/08/2026;False;13/08/2026 15:36;3;SEM_HTML
17/08/2026;564216;A6858;A;VTCBOX 130L;CAIXA VTCBOX 130L WEDGE SEAL COM BERÇO;16/08/2026;False;12/08/2026 12:08;4;SEM_HTML
17/08/2026;564216;A9392;A;VTCBOX 130L;CAIXA VTCBOX 130L WEDGE SEAL COM BERÇO;15/08/2026;False;13/08/2026 21:12;3;SEM_HTML
17/08/2026;564263;A5190;A;33L;FRAÇÃO 33L;13/08/2026;False;05/08/2026 11:01;11;SEM_HTML
17/08/2026;564319;TA0750;TA;33L;FRAÇÃO 33L;15/08/2026;False;12/08/2026 09:39;4;SEM_HTML
17/08/2026;564389;A6143;A;VTCBOX 130L;CAIXA VTCBOX 130L WEDGE SEAL COM BERÇO;15/08/2026;False;10/08/2026 16:02;6;SEM_HTML
17/08/2026;564406;TA0126;TA;33L;FRAÇÃO 33L;15/08/2026;False;12/08/2026 17:01;4;SEM_HTML
18/08/2026;561315;A6843;A;VTCBOX 130L;CAIXA VTCBOX 130L WEDGE SEAL COM BERÇO;17/08/2026;False;10/08/2026 14:46;7;SEM_HTML
18/08/2026;561315;A9190;A;VTCBOX 130L;CAIXA VTCBOX 130L WEDGE SEAL COM BERÇO;17/08/2026;False;13/08/2026 08:43;4;SEM_HTML
18/08/2026;563262;A8088;A;VTCBOX 130L;CAIXA VTCBOX 130L WEDGE SEAL COM BERÇO;17/08/2026;False;10/08/2026 12:53;7;SEM_HTML
18/08/2026;563262;A8349;A;VTCBOX 130L;CAIXA VTCBOX 130L WEDGE SEAL COM BERÇO;17/08/2026;False;18/08/2026 11:09;-1;SEM_HTML
18/08/2026;563656;TA0282;TA;VTCBOX 130L;CAIXA VTCBOX 130L WEDGE SEAL COM BERÇO;16/08/2026;False;14/08/2026 08:21;3;SEM_HTML
18/08/2026;563902;A9533;A;VTCBOX 130L;CAIXA VTCBOX 130L WEDGE SEAL COM BERÇO;17/08/2026;False;15/08/2026 12:06;2;SEM_HTML
18/08/2026;563919;A2588;A;VTCBOX 130L;CAIXA VTCBOX 130L WEDGE SEAL COM BERÇO;17/08/2026;False;15/08/2026 13:21;2;SEM_HTML
18/08/2026;563919;A2614;A;VTCBOX 130L;CAIXA VTCBOX 130L WEDGE SEAL COM BERÇO;17/08/2026;False;15/08/2026 12:07;2;SEM_HTML
18/08/2026;563919;A2986;A;VTCBOX 130L;CAIXA VTCBOX 130L WEDGE SEAL COM BERÇO;17/08/2026;False;15/08/2026 12:05;2;SEM_HTML
18/08/2026;563919;A3098;A;VTCBOX 130L;CAIXA VTCBOX 130L WEDGE SEAL COM BERÇO;17/08/2026;False;14/08/2026 08:51;3;SEM_HTML
18/08/2026;563919;A3106;A;VTCBOX 130L;CAIXA VTCBOX 130L WEDGE SEAL COM BERÇO;17/08/2026;False;15/08/2026 13:23;2;SEM_HTML
18/08/2026;563919;A3643;A;VTCBOX 130L;CAIXA VTCBOX 130L WEDGE SEAL COM BERÇO;17/08/2026;False;15/08/2026 12:02;2;SEM_HTML
18/08/2026;563919;A3657;A;VTCBOX 130L;CAIXA VTCBOX 130L WEDGE SEAL COM BERÇO;17/08/2026;False;14/08/2026 08:50;3;SEM_HTML
18/08/2026;563919;A3746;A;VTCBOX 130L;CAIXA VTCBOX 130L WEDGE SEAL COM BERÇO;17/08/2026;False;10/08/2026 13:42;7;SEM_HTML
18/08/2026;563919;A4368;A;VTCBOX 130L;CAIXA VTCBOX 130L WEDGE SEAL COM BERÇO;17/08/2026;False;14/08/2026 08:52;3;SEM_HTML
18/08/2026;563919;A4827;A;VTCBOX 130L;CAIXA VTCBOX 130L WEDGE SEAL COM BERÇO;17/08/2026;False;15/08/2026 12:06;2;SEM_HTML
18/08/2026;563919;A4909;A;VTCBOX 130L;CAIXA VTCBOX 130L WEDGE SEAL COM BERÇO;17/08/2026;False;15/08/2026 12:09;2;SEM_HTML
18/08/2026;563919;A5808;A;VTCBOX 130L;CAIXA VTCBOX 130L WEDGE SEAL COM BERÇO;17/08/2026;False;14/08/2026 08:50;3;SEM_HTML
18/08/2026;563919;A6001;A;VTCBOX 130L;CAIXA VTCBOX 130L WEDGE SEAL COM BERÇO;17/08/2026;False;13/08/2026 21:12;4;SEM_HTML
18/08/2026;563919;A6255;A;VTCBOX 130L;CAIXA VTCBOX 130L WEDGE SEAL COM BERÇO;17/08/2026;False;15/08/2026 12:07;2;SEM_HTML
18/08/2026;563919;A6311;A;VTCBOX 130L;CAIXA VTCBOX 130L WEDGE SEAL COM BERÇO;17/08/2026;False;13/08/2026 21:12;4;SEM_HTML
18/08/2026;563919;A6364;A;VTCBOX 130L;CAIXA VTCBOX 130L WEDGE SEAL COM BERÇO;17/08/2026;False;13/08/2026 21:14;4;SEM_HTML
18/08/2026;563919;A6446;A;VTCBOX 130L;CAIXA VTCBOX 130L WEDGE SEAL COM BERÇO;17/08/2026;False;14/08/2026 16:37;3;SEM_HTML
18/08/2026;563919;A6542;A;VTCBOX 130L;CAIXA VTCBOX 130L WEDGE SEAL COM BERÇO;17/08/2026;False;13/08/2026 21:12;4;SEM_HTML
18/08/2026;563919;A6680;A;VTCBOX 130L;CAIXA VTCBOX 130L WEDGE SEAL COM BERÇO;17/08/2026;False;13/08/2026 21:13;4;SEM_HTML
18/08/2026;563919;A7658;A;VTCBOX 130L;CAIXA VTCBOX 130L WEDGE SEAL COM BERÇO;17/08/2026;False;14/08/2026 08:52;3;SEM_HTML
18/08/2026;563919;A7720;A;VTCBOX 130L;CAIXA VTCBOX 130L WEDGE SEAL COM BERÇO;17/08/2026;False;10/08/2026 14:23;7;SEM_HTML
18/08/2026;563919;A7910;A;VTCBOX 130L;CAIXA VTCBOX 130L WEDGE SEAL COM BERÇO;17/08/2026;False;15/08/2026 12:06;2;SEM_HTML
18/08/2026;563919;A8181;A;VTCBOX 130L;CAIXA VTCBOX 130L WEDGE SEAL COM BERÇO;17/08/2026;False;15/08/2026 13:21;2;SEM_HTML
18/08/2026;563919;A8445;A;VTCBOX 130L;CAIXA VTCBOX 130L WEDGE SEAL COM BERÇO;17/08/2026;False;14/08/2026 08:50;3;SEM_HTML
18/08/2026;563919;A8488;A;VTCBOX 130L;CAIXA VTCBOX 130L WEDGE SEAL COM BERÇO;17/08/2026;False;15/08/2026 12:01;2;SEM_HTML
18/08/2026;563919;A8936;A;VTCBOX 130L;CAIXA VTCBOX 130L WEDGE SEAL COM BERÇO;17/08/2026;False;15/08/2026 12:01;2;SEM_HTML
18/08/2026;563919;A9126;A;VTCBOX 130L;CAIXA VTCBOX 130L WEDGE SEAL COM BERÇO;17/08/2026;False;15/08/2026 12:06;2;SEM_HTML
18/08/2026;563919;A9151;A;VTCBOX 130L;CAIXA VTCBOX 130L WEDGE SEAL COM BERÇO;17/08/2026;False;14/08/2026 08:49;3;SEM_HTML
18/08/2026;563919;A9333;A;VTCBOX 130L;CAIXA VTCBOX 130L WEDGE SEAL COM BERÇO;17/08/2026;False;14/08/2026 07:41;3;SEM_HTML
18/08/2026;563919;A9375;A;VTCBOX 130L;CAIXA VTCBOX 130L WEDGE SEAL COM BERÇO;17/08/2026;False;15/08/2026 13:20;2;SEM_HTML
18/08/2026;563919;A9413;A;VTCBOX 130L;CAIXA VTCBOX 130L WEDGE SEAL COM BERÇO;17/08/2026;False;15/08/2026 12:08;2;SEM_HTML
18/08/2026;563919;A9550;A;VTCBOX 130L;CAIXA VTCBOX 130L WEDGE SEAL COM BERÇO;17/08/2026;False;05/08/2026 10:46;12;SEM_HTML
18/08/2026;563919;TA0097;TA;VTCBOX 130L;CAIXA VTCBOX 130L WEDGE SEAL COM BERÇO;17/08/2026;False;15/08/2026 12:03;2;SEM_HTML
18/08/2026;563919;TA0267;TA;VTCBOX 130L;CAIXA VTCBOX 130L WEDGE SEAL COM BERÇO;17/08/2026;False;14/08/2026 07:38;3;SEM_HTML
18/08/2026;563919;TA0453;TA;VTCBOX 130L;CAIXA VTCBOX 130L WEDGE SEAL COM BERÇO;17/08/2026;False;15/08/2026 12:02;2;SEM_HTML
18/08/2026;563919;TA0537;TA;VTCBOX 130L;CAIXA VTCBOX 130L WEDGE SEAL COM BERÇO;17/08/2026;False;15/08/2026 12:02;2;SEM_HTML
18/08/2026;563919;TA0739;TA;VTCBOX 130L;CAIXA VTCBOX 130L WEDGE SEAL COM BERÇO;17/08/2026;False;14/08/2026 08:57;3;SEM_HTML
18/08/2026;563919;TA0999;TA;VTCBOX 130L;CAIXA VTCBOX 130L WEDGE SEAL COM BERÇO;17/08/2026;False;13/08/2026 21:12;4;SEM_HTML
18/08/2026;564321;A7789;A;33L;FRAÇÃO 33L;15/08/2026;False;12/08/2026 08:57;5;SEM_HTML
18/08/2026;564367;A1927;A;33L;FRAÇÃO 33L;15/08/2026;False;13/08/2026 09:24;4;SEM_HTML
18/08/2026;564458;A9620;A;33L;FRAÇÃO 33L;15/08/2026;False;10/08/2026 16:15;7;SEM_HTML
18/08/2026;564550;A8357;A;VTCBOX 130L;CAIXA VTCBOX 130L WEDGE SEAL COM BERÇO;16/08/2026;False;13/08/2026 17:09;4;SEM_HTML
18/08/2026;564618;A8763;A;33L;FRAÇÃO 33L;17/08/2026;False;12/08/2026 10:12;5;SEM_HTML
18/08/2026;564625;A4802;A;33L;FRAÇÃO 33L;17/08/2026;False;10/08/2026 14:09;7;SEM_HTML
18/08/2026;564628;A8101;A;33L;FRAÇÃO 33L;17/08/2026;False;11/08/2026 10:25;6;SEM_HTML
18/08/2026;564631;A8373;A;33L;FRAÇÃO 33L;17/08/2026;False;10/08/2026 12:29;7;SEM_HTML
18/08/2026;564802;A8985;A;33L;FRAÇÃO 33L;17/08/2026;False;10/08/2026 11:05;7;SEM_HTML
18/08/2026;564810;A6493;A;VTCBOX 130L;CAIXA VTCBOX 130L WEDGE SEAL COM BERÇO;17/08/2026;False;14/08/2026 08:42;3;SEM_HTML
19/08/2026;561315;A3993;A;VTCBOX 130L;CAIXA VTCBOX 130L WEDGE SEAL COM BERÇO;17/08/2026;False;18/08/2026 15:41;0;SEM_HTML
19/08/2026;561315;A9416;A;VTCBOX 130L;CAIXA VTCBOX 130L WEDGE SEAL COM BERÇO;16/08/2026;False;10/08/2026 15:26;8;SEM_HTML
19/08/2026;561315;A9567;A;VTCBOX 130L;CAIXA VTCBOX 130L WEDGE SEAL COM BERÇO;16/08/2026;False;18/08/2026 15:40;0;SEM_HTML
19/08/2026;561315;A9666;A;VTCBOX 130L;CAIXA VTCBOX 130L WEDGE SEAL COM BERÇO;17/08/2026;False;18/08/2026 15:40;0;SEM_HTML
19/08/2026;563656;A3576;A;VTCBOX 130L;CAIXA VTCBOX 130L WEDGE SEAL COM BERÇO;17/08/2026;False;19/08/2026 16:01;-1;SEM_HTML
19/08/2026;563727;A5528;A;VTCBOX 130L;CAIXA VTCBOX 130L WEDGE SEAL COM BERÇO;12/08/2026;False;10/08/2026 08:58;8;SEM_HTML
19/08/2026;563916;A7624;A;VTCBOX 130L;CAIXA VTCBOX 130L WEDGE SEAL COM BERÇO;12/08/2026;False;12/08/2026 10:21;6;SEM_HTML
19/08/2026;563919;A2348;A;VTCBOX 130L;CAIXA VTCBOX 130L WEDGE SEAL COM BERÇO;18/08/2026;False;12/08/2026 08:46;6;SEM_HTML
19/08/2026;563919;A9155;A;VTCBOX 130L;CAIXA VTCBOX 130L WEDGE SEAL COM BERÇO;18/08/2026;False;13/08/2026 10:15;5;SEM_HTML
19/08/2026;563996;A1273;A;VTCBOX 130L;CAIXA VTCBOX 130L WEDGE SEAL COM BERÇO;18/08/2026;False;03/08/2026 12:40;15;SEM_HTML
19/08/2026;563996;A6038;A;VTCBOX 130L;CAIXA VTCBOX 130L WEDGE SEAL COM BERÇO;18/08/2026;False;10/08/2026 12:08;8;SEM_HTML
19/08/2026;564290;A5582;A;VTCBOX 130L;CAIXA VTCBOX 130L WEDGE SEAL COM BERÇO;17/08/2026;False;10/08/2026 16:32;8;SEM_HTML
19/08/2026;564450;TA1052;TA;VTCBOX 130L;CAIXA VTCBOX 130L WEDGE SEAL COM BERÇO;16/08/2026;False;13/08/2026 10:08;5;SEM_HTML
19/08/2026;564467;A1618;A;VTCBOX 130L;CAIXA VTCBOX 130L WEDGE SEAL COM BERÇO;18/08/2026;False;17/08/2026 11:20;1;SEM_HTML
19/08/2026;564467;A3486;A;VTCBOX 130L;CAIXA VTCBOX 130L WEDGE SEAL COM BERÇO;18/08/2026;False;17/08/2026 12:25;1;SEM_HTML
19/08/2026;564467;A5491;A;VTCBOX 130L;CAIXA VTCBOX 130L WEDGE SEAL COM BERÇO;18/08/2026;False;17/08/2026 10:51;1;SEM_HTML
19/08/2026;564467;A5680;A;VTCBOX 130L;CAIXA VTCBOX 130L WEDGE SEAL COM BERÇO;18/08/2026;False;29/07/2026 09:20;20;SEM_HTML
19/08/2026;564467;A7346;A;VTCBOX 130L;CAIXA VTCBOX 130L WEDGE SEAL COM BERÇO;18/08/2026;False;17/08/2026 12:10;1;SEM_HTML
19/08/2026;564467;A8876;A;VTCBOX 130L;CAIXA VTCBOX 130L WEDGE SEAL COM BERÇO;18/08/2026;False;17/08/2026 10:53;1;SEM_HTML
19/08/2026;564467;A9524;A;VTCBOX 130L;CAIXA VTCBOX 130L WEDGE SEAL COM BERÇO;18/08/2026;False;17/08/2026 13:15;1;SEM_HTML
19/08/2026;564578;TA0432;TA;VTCBOX 130L;CAIXA VTCBOX 130L WEDGE SEAL COM BERÇO;17/08/2026;False;13/08/2026 09:04;5;SEM_HTML
19/08/2026;564648;A3272;A;33L;FRAÇÃO 33L;16/08/2026;False;15/08/2026 12:06;3;SEM_HTML
19/08/2026;564701;A8935;A;33L;FRAÇÃO 33L;16/08/2026;False;15/08/2026 12:03;3;SEM_HTML
19/08/2026;564703;A6510;A;33L;FRAÇÃO 33L;18/08/2026;False;11/08/2026 10:25;7;SEM_HTML
19/08/2026;564840;A8556;A;VTCBOX 130L;CAIXA VTCBOX 130L WEDGE SEAL COM BERÇO;18/08/2026;False;13/08/2026 17:11;5;SEM_HTML
19/08/2026;564842;A0322;A;33L;FRAÇÃO 33L;18/08/2026;False;13/08/2026 09:03;5;SEM_HTML
19/08/2026;564844;A7374;A;33L;FRAÇÃO 33L;18/08/2026;False;13/08/2026 10:07;5;SEM_HTML
19/08/2026;564847;A6987;A;33L;FRAÇÃO 33L;18/08/2026;False;13/08/2026 09:22;5;SEM_HTML
19/08/2026;564940;A9281;A;33L;FRAÇÃO 33L;18/08/2026;False;12/08/2026 09:42;6;SEM_HTML
20/08/2026;560525;AS-0229;AS;42L;CAIXA 42L SEM BERÇO;18/08/2026;False;14/08/2026 15:28;5;SEM_HTML
20/08/2026;560525;AS-0442;AS;42L;CAIXA 42L SEM BERÇO;18/08/2026;False;14/08/2026 15:28;5;SEM_HTML
20/08/2026;560525;AS-0559;AS;42L;CAIXA 42L SEM BERÇO;18/08/2026;False;14/08/2026 15:29;5;SEM_HTML
20/08/2026;563401;TA1209;TA;VTCBOX 130L;CAIXA VTCBOX 130L WEDGE SEAL COM BERÇO;18/08/2026;False;20/08/2026 10:30;-1;SEM_HTML
20/08/2026;563736;A7750;A;33L;FRAÇÃO 33L;19/08/2026;False;17/08/2026 08:45;2;SEM_HTML
20/08/2026;563909;A3214;A;VTCBOX 130L;CAIXA VTCBOX 130L WEDGE SEAL COM BERÇO;12/08/2026;False;10/08/2026 11:29;9;SEM_HTML
20/08/2026;563909;A3879;A;VTCBOX 130L;CAIXA VTCBOX 130L WEDGE SEAL COM BERÇO;12/08/2026;False;10/08/2026 14:55;9;SEM_HTML
20/08/2026;563909;A4337;A;VTCBOX 130L;CAIXA VTCBOX 130L WEDGE SEAL COM BERÇO;12/08/2026;False;10/08/2026 14:49;9;SEM_HTML
20/08/2026;563909;A7829;A;VTCBOX 130L;CAIXA VTCBOX 130L WEDGE SEAL COM BERÇO;12/08/2026;False;10/08/2026 13:13;9;SEM_HTML
20/08/2026;563909;A8624;A;VTCBOX 130L;CAIXA VTCBOX 130L WEDGE SEAL COM BERÇO;12/08/2026;False;10/08/2026 13:12;9;SEM_HTML
20/08/2026;563909;A8723;A;VTCBOX 130L;CAIXA VTCBOX 130L WEDGE SEAL COM BERÇO;12/08/2026;False;10/08/2026 12:11;9;SEM_HTML
20/08/2026;563909;A8850;A;VTCBOX 130L;CAIXA VTCBOX 130L WEDGE SEAL COM BERÇO;12/08/2026;False;10/08/2026 11:19;9;SEM_HTML
20/08/2026;563909;TA0455;TA;VTCBOX 130L;CAIXA VTCBOX 130L WEDGE SEAL COM BERÇO;12/08/2026;False;10/08/2026 10:38;9;SEM_HTML
20/08/2026;563909;TA0511;TA;VTCBOX 130L;CAIXA VTCBOX 130L WEDGE SEAL COM BERÇO;12/08/2026;False;10/08/2026 09:14;9;SEM_HTML
20/08/2026;563909;TA0931;TA;VTCBOX 130L;CAIXA VTCBOX 130L WEDGE SEAL COM BERÇO;12/08/2026;False;10/08/2026 11:26;9;SEM_HTML
20/08/2026;564520;A3201;A;VTCBOX 130L;CAIXA VTCBOX 130L WEDGE SEAL COM BERÇO;19/08/2026;False;12/08/2026 08:49;7;SEM_HTML
20/08/2026;564520;A4161;A;VTCBOX 130L;CAIXA VTCBOX 130L WEDGE SEAL COM BERÇO;19/08/2026;False;13/08/2026 16:08;6;SEM_HTML
20/08/2026;564520;A4942;A;VTCBOX 130L;CAIXA VTCBOX 130L WEDGE SEAL COM BERÇO;19/08/2026;False;12/08/2026 12:06;7;SEM_HTML
20/08/2026;564520;A5064;A;VTCBOX 130L;CAIXA VTCBOX 130L WEDGE SEAL COM BERÇO;19/08/2026;False;13/08/2026 17:09;6;SEM_HTML
20/08/2026;564520;A6220;A;VTCBOX 130L;CAIXA VTCBOX 130L WEDGE SEAL COM BERÇO;19/08/2026;False;13/08/2026 10:12;6;SEM_HTML
20/08/2026;564527;A1954;A;VTCBOX 130L;CAIXA VTCBOX 130L WEDGE SEAL COM BERÇO;18/08/2026;False;20/08/2026 10:29;-1;SEM_HTML
20/08/2026;564527;TA0584;TA;VTCBOX 130L;CAIXA VTCBOX 130L WEDGE SEAL COM BERÇO;18/08/2026;False;17/08/2026 12:29;2;SEM_HTML
20/08/2026;564551;A6057;A;VTCBOX 130L;CAIXA VTCBOX 130L WEDGE SEAL COM BERÇO;18/08/2026;False;17/08/2026 10:49;2;SEM_HTML
20/08/2026;564551;A9436;A;VTCBOX 130L;CAIXA VTCBOX 130L WEDGE SEAL COM BERÇO;18/08/2026;False;13/08/2026 17:12;6;SEM_HTML
20/08/2026;564551;A9654;A;VTCBOX 130L;CAIXA VTCBOX 130L WEDGE SEAL COM BERÇO;18/08/2026;False;13/08/2026 15:35;6;SEM_HTML
20/08/2026;564551;TA0211;TA;VTCBOX 130L;CAIXA VTCBOX 130L WEDGE SEAL COM BERÇO;18/08/2026;False;13/08/2026 08:42;6;SEM_HTML
20/08/2026;564557;A7680;A;VTCBOX 130L;CAIXA VTCBOX 130L WEDGE SEAL COM BERÇO;19/08/2026;False;13/08/2026 09:21;6;SEM_HTML
20/08/2026;564557;A8638;A;VTCBOX 130L;CAIXA VTCBOX 130L WEDGE SEAL COM BERÇO;19/08/2026;False;12/08/2026 16:38;7;SEM_HTML
20/08/2026;564557;TA0005;TA;VTCBOX 130L;CAIXA VTCBOX 130L WEDGE SEAL COM BERÇO;19/08/2026;False;12/08/2026 16:39;7;SEM_HTML
20/08/2026;564557;TA0426;TA;VTCBOX 130L;CAIXA VTCBOX 130L WEDGE SEAL COM BERÇO;19/08/2026;False;10/08/2026 11:06;9;SEM_HTML
20/08/2026;564557;TA0932;TA;VTCBOX 130L;CAIXA VTCBOX 130L WEDGE SEAL COM BERÇO;19/08/2026;False;17/08/2026 11:28;2;SEM_HTML
20/08/2026;564557;TA1042;TA;VTCBOX 130L;CAIXA VTCBOX 130L WEDGE SEAL COM BERÇO;19/08/2026;False;17/08/2026 11:57;2;SEM_HTML
20/08/2026;564569;A9660;A;VTCBOX 130L;CAIXA VTCBOX 130L WEDGE SEAL COM BERÇO;18/08/2026;False;17/08/2026 12:11;2;SEM_HTML
20/08/2026;564581;A4483;A;VTCBOX 130L;CAIXA VTCBOX 130L WEDGE SEAL COM BERÇO;18/08/2026;False;17/08/2026 12:24;2;SEM_HTML
20/08/2026;564581;A4622;A;VTCBOX 130L;CAIXA VTCBOX 130L WEDGE SEAL COM BERÇO;18/08/2026;False;17/08/2026 10:53;2;SEM_HTML
20/08/2026;564581;A6440;A;VTCBOX 130L;CAIXA VTCBOX 130L WEDGE SEAL COM BERÇO;18/08/2026;False;17/08/2026 10:57;2;SEM_HTML
20/08/2026;564581;A7231;A;VTCBOX 130L;CAIXA VTCBOX 130L WEDGE SEAL COM BERÇO;18/08/2026;False;17/08/2026 10:52;2;SEM_HTML
20/08/2026;564581;A7525;A;VTCBOX 130L;CAIXA VTCBOX 130L WEDGE SEAL COM BERÇO;18/08/2026;False;17/08/2026 12:10;2;SEM_HTML
20/08/2026;564581;A7597;A;VTCBOX 130L;CAIXA VTCBOX 130L WEDGE SEAL COM BERÇO;18/08/2026;False;17/08/2026 12:24;2;SEM_HTML
20/08/2026;564581;A7950;A;VTCBOX 130L;CAIXA VTCBOX 130L WEDGE SEAL COM BERÇO;18/08/2026;False;17/08/2026 11:56;2;SEM_HTML
20/08/2026;564581;A8590;A;VTCBOX 130L;CAIXA VTCBOX 130L WEDGE SEAL COM BERÇO;18/08/2026;False;17/08/2026 13:33;2;SEM_HTML
20/08/2026;564581;A8829;A;VTCBOX 130L;CAIXA VTCBOX 130L WEDGE SEAL COM BERÇO;18/08/2026;False;17/08/2026 09:47;2;SEM_HTML
20/08/2026;564581;A9369;A;VTCBOX 130L;CAIXA VTCBOX 130L WEDGE SEAL COM BERÇO;18/08/2026;False;17/08/2026 11:58;2;SEM_HTML
20/08/2026;564581;TA0965;TA;VTCBOX 130L;CAIXA VTCBOX 130L WEDGE SEAL COM BERÇO;18/08/2026;False;17/08/2026 09:08;2;SEM_HTML
20/08/2026;564584;TA0779;TA;VTCBOX 130L;CAIXA VTCBOX 130L WEDGE SEAL COM BERÇO;18/08/2026;False;17/08/2026 13:47;2;SEM_HTML
20/08/2026;564595;A9004;A;VTCBOX 130L;CAIXA VTCBOX 130L WEDGE SEAL COM BERÇO;18/08/2026;False;13/08/2026 09:23;6;SEM_HTML
20/08/2026;564599;A7234;A;VTCBOX 130L;CAIXA VTCBOX 130L WEDGE SEAL COM BERÇO;18/08/2026;False;13/08/2026 16:09;6;SEM_HTML
20/08/2026;564599;A9067;A;VTCBOX 130L;CAIXA VTCBOX 130L WEDGE SEAL COM BERÇO;18/08/2026;False;13/08/2026 09:25;6;SEM_HTML
20/08/2026;564817;A9297;A;VTCBOX 130L;CAIXA VTCBOX 130L WEDGE SEAL COM BERÇO;17/08/2026;False;14/08/2026 08:55;5;SEM_HTML
20/08/2026;564841;A8043;A;33L;FRAÇÃO 33L;18/08/2026;False;11/08/2026 08:54;8;SEM_HTML
20/08/2026;564843;A8222;A;VTCBOX 130L;CAIXA VTCBOX 130L WEDGE SEAL COM BERÇO;18/08/2026;False;12/08/2026 16:37;7;SEM_HTML
20/08/2026;564938;A3730;A;33L;FRAÇÃO 33L;18/08/2026;False;20/08/2026 14:25;-1;SEM_HTML
20/08/2026;564991;A3058;A;VTCBOX 130L;CAIXA VTCBOX 130L WEDGE SEAL COM BERÇO;19/08/2026;False;17/08/2026 13:47;2;SEM_HTML
20/08/2026;565133;TA0353;TA;33L;FRAÇÃO 33L;20/08/2026;False;18/08/2026 20:24;1;SEM_HTML
21/08/2026;563043;A2643;A;VTCBOX 130L;CAIXA VTCBOX 130L WEDGE SEAL COM BERÇO;16/08/2026;False;31/07/2026 10:07;20;SEM_HTML
21/08/2026;563043;A3806;A;VTCBOX 130L;CAIXA VTCBOX 130L WEDGE SEAL COM BERÇO;16/08/2026;False;18/08/2026 16:19;2;SEM_HTML
21/08/2026;563043;A8738;A;VTCBOX 130L;CAIXA VTCBOX 130L WEDGE SEAL COM BERÇO;16/08/2026;False;21/08/2026 10:03;-1;SEM_HTML
21/08/2026;563043;A9259;A;VTCBOX 130L;CAIXA VTCBOX 130L WEDGE SEAL COM BERÇO;16/08/2026;False;01/08/2026 09:18;19;SEM_HTML
21/08/2026;563190;A8494;A;VTCBOX 130L;CAIXA VTCBOX 130L WEDGE SEAL COM BERÇO;19/08/2026;False;18/08/2026 20:33;2;SEM_HTML
21/08/2026;563190;A8809;A;VTCBOX 130L;CAIXA VTCBOX 130L WEDGE SEAL COM BERÇO;19/08/2026;False;18/08/2026 20:37;2;SEM_HTML
21/08/2026;563919;A1270;A;VTCBOX 130L;CAIXA VTCBOX 130L WEDGE SEAL COM BERÇO;19/08/2026;False;17/08/2026 13:34;3;SEM_HTML
21/08/2026;563919;A3866;A;VTCBOX 130L;CAIXA VTCBOX 130L WEDGE SEAL COM BERÇO;19/08/2026;False;12/08/2026 08:45;8;SEM_HTML
21/08/2026;563919;A4775;A;VTCBOX 130L;CAIXA VTCBOX 130L WEDGE SEAL COM BERÇO;19/08/2026;False;12/08/2026 08:43;8;SEM_HTML
21/08/2026;563919;A5148;A;VTCBOX 130L;CAIXA VTCBOX 130L WEDGE SEAL COM BERÇO;19/08/2026;False;21/08/2026 12:07;-1;SEM_HTML
21/08/2026;563919;A5430;A;VTCBOX 130L;CAIXA VTCBOX 130L WEDGE SEAL COM BERÇO;19/08/2026;False;13/08/2026 17:10;7;SEM_HTML
21/08/2026;563919;A8561;A;VTCBOX 130L;CAIXA VTCBOX 130L WEDGE SEAL COM BERÇO;19/08/2026;False;12/08/2026 16:38;8;SEM_HTML
21/08/2026;563919;TA0074;TA;VTCBOX 130L;CAIXA VTCBOX 130L WEDGE SEAL COM BERÇO;19/08/2026;False;17/08/2026 13:48;3;SEM_HTML
21/08/2026;563919;TA0157;TA;VTCBOX 130L;CAIXA VTCBOX 130L WEDGE SEAL COM BERÇO;19/08/2026;False;12/08/2026 16:40;8;SEM_HTML
21/08/2026;563992;A8185;A;VTCBOX 130L;CAIXA VTCBOX 130L WEDGE SEAL COM BERÇO;19/08/2026;False;21/08/2026 09:50;-1;SEM_HTML
21/08/2026;564109;A7618;A;VTCBOX 130L;CAIXA VTCBOX 130L WEDGE SEAL COM BERÇO;18/08/2026;False;14/08/2026 08:50;6;SEM_HTML
21/08/2026;565124;A3184;A;33L;FRAÇÃO 33L;19/08/2026;False;17/08/2026 11:59;3;SEM_HTML
21/08/2026;565142;A5000;A;33L;FRAÇÃO 33L;21/08/2026;False;18/08/2026 13:41;2;SEM_HTML
21/08/2026;565291;A3092;A;VTCBOX 130L;CAIXA VTCBOX 130L WEDGE SEAL COM BERÇO;21/08/2026;False;18/08/2026 11:39;2;SEM_HTML
21/08/2026;565291;A6483;A;VTCBOX 130L;CAIXA VTCBOX 130L WEDGE SEAL COM BERÇO;21/08/2026;False;18/08/2026 16:23;2;SEM_HTML
21/08/2026;565291;A6565;A;VTCBOX 130L;CAIXA VTCBOX 130L WEDGE SEAL COM BERÇO;21/08/2026;False;18/08/2026 16:22;2;SEM_HTML
21/08/2026;565291;A7733;A;VTCBOX 130L;CAIXA VTCBOX 130L WEDGE SEAL COM BERÇO;21/08/2026;False;18/08/2026 09:29;2;SEM_HTML
21/08/2026;565291;A9555;A;VTCBOX 130L;CAIXA VTCBOX 130L WEDGE SEAL COM BERÇO;21/08/2026;False;18/08/2026 13:04;2;SEM_HTML
21/08/2026;565291;TA0784;TA;VTCBOX 130L;CAIXA VTCBOX 130L WEDGE SEAL COM BERÇO;21/08/2026;False;18/08/2026 13:05;2;SEM_HTML
21/08/2026;565386;A8875;A;33L;FRAÇÃO 33L;21/08/2026;False;18/08/2026 09:04;2;SEM_HTML
22/08/2026;565129;A3681;A;33L;FRAÇÃO 33L;21/08/2026;False;18/08/2026 16:48;3;SEM_HTML
24/08/2026;564116;A4547;A;VTCBOX 130L;CAIXA VTCBOX 130L WEDGE SEAL COM BERÇO;23/08/2026;False;21/08/2026 11:10;2;SEM_HTML
24/08/2026;564116;A4620;A;VTCBOX 130L;CAIXA VTCBOX 130L WEDGE SEAL COM BERÇO;23/08/2026;False;19/08/2026 16:37;4;SEM_HTML
24/08/2026;564116;A4821;A;VTCBOX 130L;CAIXA VTCBOX 130L WEDGE SEAL COM BERÇO;23/08/2026;False;19/08/2026 16:37;4;SEM_HTML
24/08/2026;564116;A5954;A;VTCBOX 130L;CAIXA VTCBOX 130L WEDGE SEAL COM BERÇO;23/08/2026;False;19/08/2026 16:47;4;SEM_HTML
24/08/2026;564116;TA0199;TA;VTCBOX 130L;CAIXA VTCBOX 130L WEDGE SEAL COM BERÇO;23/08/2026;False;18/08/2026 13:28;5;SEM_HTML
24/08/2026;564116;TA0878;TA;VTCBOX 130L;CAIXA VTCBOX 130L WEDGE SEAL COM BERÇO;23/08/2026;False;18/08/2026 15:33;5;SEM_HTML
24/08/2026;564116;TA1105;TA;VTCBOX 130L;CAIXA VTCBOX 130L WEDGE SEAL COM BERÇO;23/08/2026;False;18/08/2026 15:25;5;SEM_HTML
24/08/2026;564116;TA1134;TA;VTCBOX 130L;CAIXA VTCBOX 130L WEDGE SEAL COM BERÇO;23/08/2026;False;21/08/2026 10:08;2;SEM_HTML
24/08/2026;564609;A3938;A;VTCBOX 130L;CAIXA VTCBOX 130L WEDGE SEAL COM BERÇO;23/08/2026;False;17/08/2026 09:24;6;SEM_HTML
24/08/2026;564609;TA1103;TA;VTCBOX 130L;CAIXA VTCBOX 130L WEDGE SEAL COM BERÇO;23/08/2026;False;17/08/2026 16:29;6;SEM_HTML
24/08/2026;564838;A5632;A;VTCBOX 130L;CAIXA VTCBOX 130L WEDGE SEAL COM BERÇO;23/08/2026;False;17/08/2026 17:25;6;SEM_HTML
24/08/2026;564838;A7591;A;VTCBOX 130L;CAIXA VTCBOX 130L WEDGE SEAL COM BERÇO;23/08/2026;False;17/08/2026 08:56;6;SEM_HTML
24/08/2026;564838;A8156;A;VTCBOX 130L;CAIXA VTCBOX 130L WEDGE SEAL COM BERÇO;23/08/2026;False;18/08/2026 09:49;5;SEM_HTML
24/08/2026;564838;A8699;A;VTCBOX 130L;CAIXA VTCBOX 130L WEDGE SEAL COM BERÇO;23/08/2026;False;17/08/2026 16:51;6;SEM_HTML
24/08/2026;565055;A5328;A;VTCBOX 130L;CAIXA VTCBOX 130L WEDGE SEAL COM BERÇO;23/08/2026;False;24/08/2026 14:11;-1;SEM_HTML
24/08/2026;565104;A0276;A;33L;FRAÇÃO 33L;23/08/2026;False;18/08/2026 13:04;5;SEM_HTML
24/08/2026;565192;A4174;A;VTCBOX 130L;CAIXA VTCBOX 130L WEDGE SEAL COM BERÇO;24/08/2026;False;21/08/2026 10:00;2;SEM_HTML
24/08/2026;565192;A4256;A;VTCBOX 130L;CAIXA VTCBOX 130L WEDGE SEAL COM BERÇO;24/08/2026;False;21/08/2026 10:01;2;SEM_HTML
24/08/2026;565192;A5033;A;VTCBOX 130L;CAIXA VTCBOX 130L WEDGE SEAL COM BERÇO;24/08/2026;False;19/08/2026 09:04;4;SEM_HTML
24/08/2026;565192;A5713;A;VTCBOX 130L;CAIXA VTCBOX 130L WEDGE SEAL COM BERÇO;24/08/2026;False;19/08/2026 16:48;4;SEM_HTML
24/08/2026;565192;A5790;A;VTCBOX 130L;CAIXA VTCBOX 130L WEDGE SEAL COM BERÇO;24/08/2026;False;21/08/2026 08:47;2;SEM_HTML
24/08/2026;565192;A6212;A;VTCBOX 130L;CAIXA VTCBOX 130L WEDGE SEAL COM BERÇO;24/08/2026;False;18/08/2026 14:39;5;SEM_HTML
24/08/2026;565192;A6546;A;VTCBOX 130L;CAIXA VTCBOX 130L WEDGE SEAL COM BERÇO;24/08/2026;False;21/08/2026 13:09;2;SEM_HTML
24/08/2026;565192;A7343;A;VTCBOX 130L;CAIXA VTCBOX 130L WEDGE SEAL COM BERÇO;24/08/2026;False;19/08/2026 11:47;4;SEM_HTML
24/08/2026;565192;A7641;A;VTCBOX 130L;CAIXA VTCBOX 130L WEDGE SEAL COM BERÇO;24/08/2026;False;19/08/2026 09:07;4;SEM_HTML
24/08/2026;565192;A8605;A;VTCBOX 130L;CAIXA VTCBOX 130L WEDGE SEAL COM BERÇO;24/08/2026;False;18/08/2026 12:34;5;SEM_HTML
24/08/2026;565192;A8956;A;VTCBOX 130L;CAIXA VTCBOX 130L WEDGE SEAL COM BERÇO;24/08/2026;False;19/08/2026 13:15;4;SEM_HTML
24/08/2026;565192;A9279;A;VTCBOX 130L;CAIXA VTCBOX 130L WEDGE SEAL COM BERÇO;24/08/2026;False;18/08/2026 13:14;5;SEM_HTML
24/08/2026;565192;A9295;A;VTCBOX 130L;CAIXA VTCBOX 130L WEDGE SEAL COM BERÇO;24/08/2026;False;19/08/2026 13:15;4;SEM_HTML
24/08/2026;565192;A9573;A;VTCBOX 130L;CAIXA VTCBOX 130L WEDGE SEAL COM BERÇO;24/08/2026;False;21/08/2026 11:07;2;SEM_HTML
24/08/2026;565192;TA0135;TA;VTCBOX 130L;CAIXA VTCBOX 130L WEDGE SEAL COM BERÇO;24/08/2026;False;21/08/2026 09:59;2;SEM_HTML
24/08/2026;565192;TA0197;TA;VTCBOX 130L;CAIXA VTCBOX 130L WEDGE SEAL COM BERÇO;24/08/2026;False;19/08/2026 12:56;4;SEM_HTML
24/08/2026;565192;TA0336;TA;VTCBOX 130L;CAIXA VTCBOX 130L WEDGE SEAL COM BERÇO;24/08/2026;False;21/08/2026 11:56;2;SEM_HTML
24/08/2026;565192;TA0616;TA;VTCBOX 130L;CAIXA VTCBOX 130L WEDGE SEAL COM BERÇO;24/08/2026;False;19/08/2026 11:20;4;SEM_HTML
24/08/2026;565193;A0832;A;VTCBOX 130L;CAIXA VTCBOX 130L WEDGE SEAL COM BERÇO;23/08/2026;False;18/08/2026 14:38;5;SEM_HTML
24/08/2026;565193;A2534;A;VTCBOX 130L;CAIXA VTCBOX 130L WEDGE SEAL COM BERÇO;23/08/2026;False;18/08/2026 09:47;5;SEM_HTML
24/08/2026;565193;A2632;A;VTCBOX 130L;CAIXA VTCBOX 130L WEDGE SEAL COM BERÇO;23/08/2026;False;18/08/2026 11:40;5;SEM_HTML
24/08/2026;565193;A3577;A;VTCBOX 130L;CAIXA VTCBOX 130L WEDGE SEAL COM BERÇO;23/08/2026;False;18/08/2026 10:34;5;SEM_HTML
24/08/2026;565193;A4492;A;VTCBOX 130L;CAIXA VTCBOX 130L WEDGE SEAL COM BERÇO;23/08/2026;False;18/08/2026 13:15;5;SEM_HTML
24/08/2026;565193;A4996;A;VTCBOX 130L;CAIXA VTCBOX 130L WEDGE SEAL COM BERÇO;23/08/2026;False;18/08/2026 11:38;5;SEM_HTML
24/08/2026;565193;A5095;A;VTCBOX 130L;CAIXA VTCBOX 130L WEDGE SEAL COM BERÇO;23/08/2026;False;17/08/2026 17:08;6;SEM_HTML
24/08/2026;565193;A5231;A;VTCBOX 130L;CAIXA VTCBOX 130L WEDGE SEAL COM BERÇO;23/08/2026;False;18/08/2026 09:28;5;SEM_HTML
24/08/2026;565193;A6387;A;VTCBOX 130L;CAIXA VTCBOX 130L WEDGE SEAL COM BERÇO;23/08/2026;False;18/08/2026 09:47;5;SEM_HTML
24/08/2026;565193;A6499;A;VTCBOX 130L;CAIXA VTCBOX 130L WEDGE SEAL COM BERÇO;23/08/2026;False;18/08/2026 13:14;5;SEM_HTML
24/08/2026;565193;A7095;A;VTCBOX 130L;CAIXA VTCBOX 130L WEDGE SEAL COM BERÇO;23/08/2026;False;18/08/2026 11:40;5;SEM_HTML
24/08/2026;565193;A7421;A;VTCBOX 130L;CAIXA VTCBOX 130L WEDGE SEAL COM BERÇO;23/08/2026;False;18/08/2026 11:39;5;SEM_HTML
24/08/2026;565193;A7864;A;VTCBOX 130L;CAIXA VTCBOX 130L WEDGE SEAL COM BERÇO;23/08/2026;False;18/08/2026 09:04;5;SEM_HTML
24/08/2026;565193;A8253;A;VTCBOX 130L;CAIXA VTCBOX 130L WEDGE SEAL COM BERÇO;23/08/2026;False;18/08/2026 13:44;5;SEM_HTML
24/08/2026;565193;A8321;A;VTCBOX 130L;CAIXA VTCBOX 130L WEDGE SEAL COM BERÇO;23/08/2026;False;18/08/2026 14:41;5;SEM_HTML
24/08/2026;565193;A8485;A;VTCBOX 130L;CAIXA VTCBOX 130L WEDGE SEAL COM BERÇO;23/08/2026;False;18/08/2026 12:30;5;SEM_HTML
24/08/2026;565193;A8820;A;VTCBOX 130L;CAIXA VTCBOX 130L WEDGE SEAL COM BERÇO;23/08/2026;False;18/08/2026 09:46;5;SEM_HTML
24/08/2026;565193;A8899;A;VTCBOX 130L;CAIXA VTCBOX 130L WEDGE SEAL COM BERÇO;23/08/2026;False;18/08/2026 12:58;5;SEM_HTML
24/08/2026;565193;A9128;A;VTCBOX 130L;CAIXA VTCBOX 130L WEDGE SEAL COM BERÇO;23/08/2026;False;18/08/2026 10:28;5;SEM_HTML
24/08/2026;565193;A9258;A;VTCBOX 130L;CAIXA VTCBOX 130L WEDGE SEAL COM BERÇO;23/08/2026;False;18/08/2026 13:04;5;SEM_HTML
24/08/2026;565193;A9292;A;VTCBOX 130L;CAIXA VTCBOX 130L WEDGE SEAL COM BERÇO;23/08/2026;False;18/08/2026 13:42;5;SEM_HTML
24/08/2026;565193;A9611;A;VTCBOX 130L;CAIXA VTCBOX 130L WEDGE SEAL COM BERÇO;23/08/2026;False;18/08/2026 10:33;5;SEM_HTML
24/08/2026;565193;TA0193;TA;VTCBOX 130L;CAIXA VTCBOX 130L WEDGE SEAL COM BERÇO;23/08/2026;False;17/08/2026 17:09;6;SEM_HTML
24/08/2026;565193;TA0196;TA;VTCBOX 130L;CAIXA VTCBOX 130L WEDGE SEAL COM BERÇO;23/08/2026;False;18/08/2026 12:32;5;SEM_HTML
24/08/2026;565193;TA0202;TA;VTCBOX 130L;CAIXA VTCBOX 130L WEDGE SEAL COM BERÇO;23/08/2026;False;18/08/2026 13:04;5;SEM_HTML
24/08/2026;565193;TA0353;TA;VTCBOX 130L;CAIXA VTCBOX 130L WEDGE SEAL COM BERÇO;23/08/2026;False;18/08/2026 20:24;5;SEM_HTML
24/08/2026;565193;TA0568;TA;VTCBOX 130L;CAIXA VTCBOX 130L WEDGE SEAL COM BERÇO;23/08/2026;False;17/08/2026 15:47;6;SEM_HTML
24/08/2026;565193;TA1067;TA;VTCBOX 130L;CAIXA VTCBOX 130L WEDGE SEAL COM BERÇO;23/08/2026;False;18/08/2026 12:31;5;SEM_HTML
24/08/2026;565193;TA1195;TA;VTCBOX 130L;CAIXA VTCBOX 130L WEDGE SEAL COM BERÇO;23/08/2026;False;18/08/2026 12:31;5;SEM_HTML
24/08/2026;565262;A3304;A;130L c/ berco;CAIXA 130L COM BERÇO;22/08/2026;False;19/08/2026 09:04;4;SEM_HTML
24/08/2026;565262;A3630;A;130L c/ berco;CAIXA 130L COM BERÇO;22/08/2026;False;18/08/2026 14:13;5;SEM_HTML
24/08/2026;565262;A4553;A;130L c/ berco;CAIXA 130L COM BERÇO;22/08/2026;False;23/08/2026 01:11;0;SEM_HTML
24/08/2026;565262;A4655;A;130L c/ berco;CAIXA 130L COM BERÇO;22/08/2026;False;23/08/2026 01:16;0;SEM_HTML
24/08/2026;565262;A5424;A;130L c/ berco;CAIXA 130L COM BERÇO;22/08/2026;False;24/08/2026 12:34;-1;SEM_HTML
24/08/2026;565262;A5715;A;130L c/ berco;CAIXA 130L COM BERÇO;22/08/2026;False;18/08/2026 16:46;5;SEM_HTML
24/08/2026;565262;A5740;A;130L c/ berco;CAIXA 130L COM BERÇO;22/08/2026;False;23/08/2026 01:10;0;SEM_HTML
24/08/2026;565262;A6346;A;130L c/ berco;CAIXA 130L COM BERÇO;22/08/2026;False;23/08/2026 01:14;0;SEM_HTML
24/08/2026;565262;A6491;A;130L c/ berco;CAIXA 130L COM BERÇO;22/08/2026;False;21/08/2026 15:36;2;SEM_HTML
24/08/2026;565262;A6767;A;130L c/ berco;CAIXA 130L COM BERÇO;22/08/2026;False;19/08/2026 13:10;4;SEM_HTML
24/08/2026;565262;A6829;A;130L c/ berco;CAIXA 130L COM BERÇO;22/08/2026;False;18/08/2026 13:37;5;SEM_HTML
24/08/2026;565262;A7034;A;130L c/ berco;CAIXA 130L COM BERÇO;22/08/2026;False;23/08/2026 01:09;0;SEM_HTML
24/08/2026;565262;A7131;A;130L c/ berco;CAIXA 130L COM BERÇO;22/08/2026;False;23/08/2026 01:12;0;SEM_HTML
24/08/2026;565262;A9192;A;130L c/ berco;CAIXA 130L COM BERÇO;22/08/2026;False;23/08/2026 00:46;0;SEM_HTML
24/08/2026;565262;A9234;A;130L c/ berco;CAIXA 130L COM BERÇO;22/08/2026;False;18/08/2026 11:54;5;SEM_HTML
24/08/2026;565262;A9433;A;130L c/ berco;CAIXA 130L COM BERÇO;22/08/2026;False;19/08/2026 17:23;4;SEM_HTML
24/08/2026;565262;A9694;A;130L c/ berco;CAIXA 130L COM BERÇO;22/08/2026;False;21/08/2026 15:35;2;SEM_HTML
24/08/2026;565262;TA0366;TA;130L c/ berco;CAIXA 130L COM BERÇO;22/08/2026;False;23/08/2026 01:13;0;SEM_HTML
24/08/2026;565262;TA0569;TA;130L c/ berco;CAIXA 130L COM BERÇO;22/08/2026;False;21/08/2026 13:10;2;SEM_HTML
24/08/2026;565262;TA0727;TA;130L c/ berco;CAIXA 130L COM BERÇO;22/08/2026;False;19/08/2026 16:05;4;SEM_HTML
24/08/2026;565262;TA0903;TA;130L c/ berco;CAIXA 130L COM BERÇO;22/08/2026;False;21/08/2026 15:35;2;SEM_HTML
24/08/2026;565262;TA0937;TA;130L c/ berco;CAIXA 130L COM BERÇO;22/08/2026;False;21/08/2026 12:16;2;SEM_HTML
24/08/2026;565262;TA0977;TA;130L c/ berco;CAIXA 130L COM BERÇO;22/08/2026;False;23/08/2026 00:45;0;SEM_HTML
24/08/2026;565262;TA1169;TA;130L c/ berco;CAIXA 130L COM BERÇO;22/08/2026;False;23/08/2026 01:09;0;SEM_HTML
24/08/2026;565262;TA1175;TA;130L c/ berco;CAIXA 130L COM BERÇO;22/08/2026;False;19/08/2026 14:36;4;SEM_HTML
24/08/2026;565264;A0057;A;130L c/ berco;CAIXA 130L COM BERÇO;22/08/2026;False;23/08/2026 01:10;0;SEM_HTML
24/08/2026;565264;A0621;A;130L c/ berco;CAIXA 130L COM BERÇO;22/08/2026;False;23/08/2026 00:39;0;SEM_HTML
24/08/2026;565264;A0632;A;130L c/ berco;CAIXA 130L COM BERÇO;22/08/2026;False;23/08/2026 01:07;0;SEM_HTML
24/08/2026;565264;A2219;A;130L c/ berco;CAIXA 130L COM BERÇO;22/08/2026;False;19/08/2026 11:47;4;SEM_HTML
24/08/2026;565264;A4912;A;130L c/ berco;CAIXA 130L COM BERÇO;22/08/2026;False;23/08/2026 01:07;0;SEM_HTML
24/08/2026;565264;A5087;A;130L c/ berco;CAIXA 130L COM BERÇO;22/08/2026;False;21/08/2026 11:06;2;SEM_HTML
24/08/2026;565264;A5404;A;130L c/ berco;CAIXA 130L COM BERÇO;22/08/2026;False;24/08/2026 09:39;-1;SEM_HTML
24/08/2026;565264;A5751;A;130L c/ berco;CAIXA 130L COM BERÇO;22/08/2026;False;24/08/2026 09:48;-1;SEM_HTML
24/08/2026;565264;A6016;A;130L c/ berco;CAIXA 130L COM BERÇO;22/08/2026;False;24/08/2026 09:45;-1;SEM_HTML
24/08/2026;565264;A6167;A;130L c/ berco;CAIXA 130L COM BERÇO;22/08/2026;False;24/08/2026 09:40;-1;SEM_HTML
24/08/2026;565264;A6535;A;130L c/ berco;CAIXA 130L COM BERÇO;22/08/2026;False;18/08/2026 09:48;5;SEM_HTML
24/08/2026;565264;A7456;A;130L c/ berco;CAIXA 130L COM BERÇO;22/08/2026;False;23/08/2026 01:07;0;SEM_HTML
24/08/2026;565264;A7757;A;130L c/ berco;CAIXA 130L COM BERÇO;22/08/2026;False;19/08/2026 16:05;4;SEM_HTML
24/08/2026;565264;A8152;A;130L c/ berco;CAIXA 130L COM BERÇO;22/08/2026;False;24/08/2026 10:02;-1;SEM_HTML
24/08/2026;565264;A8655;A;130L c/ berco;CAIXA 130L COM BERÇO;22/08/2026;False;24/08/2026 10:14;-1;SEM_HTML
24/08/2026;565264;A8775;A;130L c/ berco;CAIXA 130L COM BERÇO;22/08/2026;False;24/08/2026 10:14;-1;SEM_HTML
24/08/2026;565264;A9079;A;130L c/ berco;CAIXA 130L COM BERÇO;22/08/2026;False;17/08/2026 10:10;6;SEM_HTML
24/08/2026;565264;TA0240;TA;130L c/ berco;CAIXA 130L COM BERÇO;22/08/2026;False;24/08/2026 10:17;-1;SEM_HTML
24/08/2026;565264;TA0520;TA;130L c/ berco;CAIXA 130L COM BERÇO;22/08/2026;False;18/08/2026 10:38;5;SEM_HTML
24/08/2026;565266;A0800;A;130L c/ berco;CAIXA 130L COM BERÇO;22/08/2026;False;24/08/2026 10:33;-1;SEM_HTML
24/08/2026;565266;A3570;A;130L c/ berco;CAIXA 130L COM BERÇO;22/08/2026;False;24/08/2026 10:34;-1;SEM_HTML
24/08/2026;565266;A3693;A;130L c/ berco;CAIXA 130L COM BERÇO;22/08/2026;False;17/08/2026 08:57;6;SEM_HTML
24/08/2026;565266;A6309;A;130L c/ berco;CAIXA 130L COM BERÇO;22/08/2026;False;24/08/2026 10:39;-1;SEM_HTML
24/08/2026;565266;A7556;A;130L c/ berco;CAIXA 130L COM BERÇO;22/08/2026;False;21/08/2026 11:58;2;SEM_HTML
24/08/2026;565266;A7649;A;130L c/ berco;CAIXA 130L COM BERÇO;22/08/2026;False;18/08/2026 09:48;5;SEM_HTML
24/08/2026;565266;A7715;A;130L c/ berco;CAIXA 130L COM BERÇO;22/08/2026;False;18/08/2026 10:28;5;SEM_HTML
24/08/2026;565266;A9085;A;130L c/ berco;CAIXA 130L COM BERÇO;22/08/2026;False;18/08/2026 09:49;5;SEM_HTML
24/08/2026;565266;A9250;A;130L c/ berco;CAIXA 130L COM BERÇO;22/08/2026;False;24/08/2026 11:03;-1;SEM_HTML
24/08/2026;565266;TA1024;TA;130L c/ berco;CAIXA 130L COM BERÇO;22/08/2026;False;24/08/2026 10:56;-1;SEM_HTML
24/08/2026;565411;A4992;A;33L;FRAÇÃO 33L;23/08/2026;False;18/08/2026 12:33;5;SEM_HTML
24/08/2026;565475;A7495;A;33L;FRAÇÃO 33L;23/08/2026;False;17/08/2026 10:49;6;SEM_HTML
24/08/2026;565538;TA1047;TA;33L;FRAÇÃO 33L;24/08/2026;False;21/08/2026 08:35;2;SEM_HTML
24/08/2026;565569;A6626;A;VTCBOX 130L;CAIXA VTCBOX 130L WEDGE SEAL COM BERÇO;23/08/2026;False;18/08/2026 09:30;5;SEM_HTML
24/08/2026;565582;A2367;A;33L;FRAÇÃO 33L;24/08/2026;False;18/08/2026 16:46;5;SEM_HTML
24/08/2026;565588;A8613;A;33L;FRAÇÃO 33L;23/08/2026;False;21/08/2026 08:47;2;SEM_HTML
24/08/2026;565592;A5803;A;33L;FRAÇÃO 33L;23/08/2026;False;18/08/2026 13:37;5;SEM_HTML
24/08/2026;565597;A9029;A;33L;FRAÇÃO 33L;24/08/2026;False;21/08/2026 12:46;2;SEM_HTML
24/08/2026;565599;TA0716;TA;33L;FRAÇÃO 33L;24/08/2026;False;21/08/2026 11:08;2;SEM_HTML
24/08/2026;565637;A3646;A;130L c/ berco;CAIXA 130L COM BERÇO;22/08/2026;False;18/08/2026 13:14;5;SEM_HTML
24/08/2026;565637;TA0490;TA;130L c/ berco;CAIXA 130L COM BERÇO;22/08/2026;False;24/08/2026 11:39;-1;SEM_HTML
25/08/2026;563734;A2378;A;VTCBOX 130L;CAIXA VTCBOX 130L WEDGE SEAL COM BERÇO;20/08/2026;False;18/08/2026 11:56;6;SEM_HTML
25/08/2026;563734;A5378;A;VTCBOX 130L;CAIXA VTCBOX 130L WEDGE SEAL COM BERÇO;20/08/2026;False;18/08/2026 13:38;6;SEM_HTML
25/08/2026;563734;A7810;A;VTCBOX 130L;CAIXA VTCBOX 130L WEDGE SEAL COM BERÇO;20/08/2026;False;18/08/2026 08:42;6;SEM_HTML
25/08/2026;563734;A8643;A;VTCBOX 130L;CAIXA VTCBOX 130L WEDGE SEAL COM BERÇO;20/08/2026;False;18/08/2026 11:38;6;SEM_HTML
25/08/2026;563734;A9644;A;VTCBOX 130L;CAIXA VTCBOX 130L WEDGE SEAL COM BERÇO;20/08/2026;False;18/08/2026 08:43;6;SEM_HTML
25/08/2026;563913;A0173;A;VTCBOX 130L;CAIXA VTCBOX 130L WEDGE SEAL COM BERÇO;24/08/2026;False;14/07/2026 11:06;41;SEM_HTML
25/08/2026;564292;A7187;A;33L;FRAÇÃO 33L;25/08/2026;False;21/08/2026 08:47;3;SEM_HTML
25/08/2026;564713;A4165;A;VTCBOX 130L;CAIXA VTCBOX 130L WEDGE SEAL COM BERÇO;19/08/2026;False;24/08/2026 17:13;0;SEM_HTML
25/08/2026;564713;A5940;A;VTCBOX 130L;CAIXA VTCBOX 130L WEDGE SEAL COM BERÇO;19/08/2026;False;25/08/2026 13:33;-1;SEM_HTML
25/08/2026;564713;A9461;A;VTCBOX 130L;CAIXA VTCBOX 130L WEDGE SEAL COM BERÇO;19/08/2026;False;25/08/2026 10:32;-1;SEM_HTML
25/08/2026;565024;TA0544;TA;33L;FRAÇÃO 33L;23/08/2026;False;21/08/2026 15:33;3;SEM_HTML
25/08/2026;565070;A2103;A;33L;FRAÇÃO 33L;24/08/2026;False;18/08/2026 11:41;6;SEM_HTML
25/08/2026;565073;A5451;A;33L;FRAÇÃO 33L;24/08/2026;False;18/08/2026 13:14;6;SEM_HTML
25/08/2026;565144;TA0620;TA;33L;FRAÇÃO 33L;23/08/2026;False;18/08/2026 13:38;6;SEM_HTML
25/08/2026;565188;A3422;A;VTCBOX 130L;CAIXA VTCBOX 130L WEDGE SEAL COM BERÇO;24/08/2026;False;19/08/2026 16:37;5;SEM_HTML
25/08/2026;565188;A5990;A;VTCBOX 130L;CAIXA VTCBOX 130L WEDGE SEAL COM BERÇO;24/08/2026;False;25/08/2026 13:06;-1;SEM_HTML
25/08/2026;565188;A7827;A;VTCBOX 130L;CAIXA VTCBOX 130L WEDGE SEAL COM BERÇO;24/08/2026;False;19/08/2026 11:21;5;SEM_HTML
25/08/2026;565573;TA1124;TA;VTCBOX 130L;CAIXA VTCBOX 130L WEDGE SEAL COM BERÇO;24/08/2026;False;17/08/2026 17:10;7;SEM_HTML
25/08/2026;565583;TA0715;TA;VTCBOX 130L;CAIXA VTCBOX 130L WEDGE SEAL COM BERÇO;23/08/2026;False;19/08/2026 16:05;5;SEM_HTML
25/08/2026;565587;A9015;A;VTCBOX 130L;CAIXA VTCBOX 130L WEDGE SEAL COM BERÇO;23/08/2026;False;19/08/2026 13:44;5;SEM_HTML
25/08/2026;565733;A4242;A;VTCBOX 130L;CAIXA VTCBOX 130L WEDGE SEAL COM BERÇO;24/08/2026;False;19/08/2026 13:08;5;SEM_HTML
25/08/2026;565735;TA0296;TA;VTCBOX 130L;CAIXA VTCBOX 130L WEDGE SEAL COM BERÇO;24/08/2026;False;18/08/2026 10:33;6;SEM_HTML
25/08/2026;565752;A6895;A;33L;FRAÇÃO 33L;25/08/2026;False;21/08/2026 13:10;3;SEM_HTML
25/08/2026;565754;A8653;A;33L;FRAÇÃO 33L;25/08/2026;False;21/08/2026 15:35;3;SEM_HTML
25/08/2026;565764;A9359;A;130L c/ berco;CAIXA 130L COM BERÇO;25/08/2026;False;19/08/2026 13:50;5;SEM_HTML
25/08/2026;565775;A5031;A;33L;FRAÇÃO 33L;25/08/2026;False;18/08/2026 09:54;6;SEM_HTML
25/08/2026;565803;A6308;A;33L;FRAÇÃO 33L;25/08/2026;False;21/08/2026 11:57;3;SEM_HTML
25/08/2026;565806;A2429;A;130L c/ berco;CAIXA 130L COM BERÇO;25/08/2026;False;21/08/2026 12:15;3;SEM_HTML
25/08/2026;565810;A4416;A;130L c/ berco;CAIXA 130L COM BERÇO;25/08/2026;False;21/08/2026 15:32;3;SEM_HTML